Country Name,Country Code,Indicator Name,Indicator Code,1985,1986,1987,1988,1989,1990,1991,1992,1993,1994,1995,1996,1997,1998,1999,2000,2001,2002,2003,2004,2005,2006,2007,2008,2009,2010,2011,2012,2013,2014,2015,2016,2017,2018,2019,2020,2021,2022,2023
Aruba,ABW,"Labor force participation rate for ages 15-24, total (%) (modeled ILO estimate)",SL.TLF.ACTI.1524.ZS,,,,,,,,,,,,,,,,,,,,,,,,,,,,,,,,,,,,,,,
Africa Eastern and Southern,AFE,"Labor force participation rate for ages 15-24, total (%) (modeled ILO estimate)",SL.TLF.ACTI.1524.ZS,,,,,,,58.25350661,58.11520284,57.83689803,57.55227989,57.28909514,57.11054247,56.86341598,56.58229064,56.27750466,55.97220291,55.75243,55.55285172,55.36418111,55.1972093,55.07909457,54.80884375,54.46534676,54.14833972,53.59171568,52.86468811,52.82970412,52.53218774,52.46753796,52.0813296,52.02040687,51.80617664,51.46363167,50.88461283,50.51046598,50.01463658,49.77854788,49.70428318,49.89280683
Afghanistan,AFG,"Labor force participation rate for ages 15-24, total (%) (modeled ILO estimate)",SL.TLF.ACTI.1524.ZS,,,,,,,38.799,38.774,38.69,38.564,38.424,38.29,38.205,38.18,38.205,38.266,38.444,38.65,38.858,39.051,39.227,38.991,38.778,38.602,38.477,38.406,38.573,38.787,38.887,38.987,39.087,39.186,39.286,37.678,36.061,33.988,33.648,34.366,33.994
Africa Western and Central,AFW,"Labor force participation rate for ages 15-24, total (%) (modeled ILO estimate)",SL.TLF.ACTI.1524.ZS,,,,,,,45.49899012,45.30337435,45.02733787,44.65889768,44.25088847,44.0590931,43.81985765,43.5546202,43.26112333,42.97364622,42.88634485,42.7756963,42.58720261,42.43596313,42.20690322,42.10272088,41.87871966,41.44818495,40.98047487,40.47458874,40.11841773,38.49943006,36.89243808,36.19067799,35.86656064,35.78296683,35.19856429,34.78690139,34.55470257,34.04260294,34.03770859,33.98917842,34.16162944
Angola,AGO,"Labor force participation rate for ages 15-24, total (%) (modeled ILO estimate)",SL.TLF.ACTI.1524.ZS,,,,,,,58.26,58.341,58.352,58.28,58.129,58.154,58.088,57.946,57.744,57.5,57.474,57.38,57.246,57.104,56.98,57.082,57.152,57.204,57.235,57.236,57.634,57.232,56.828,56.424,56.019,55.613,55.206,54.798,54.39,54.085,54.548,53.144,53.113
Albania,ALB,"Labor force participation rate for ages 15-24, total (%) (modeled ILO estimate)",SL.TLF.ACTI.1524.ZS,,,,,,,55.364,55.761,55.178,54.618,53.684,52.959,53.796,53.1,52.044,51.395,50.57,50.115,47.174,44.247,41.354,38.514,35.746,33.067,34.632,33.611,44.1,36.162,27.534,28.936,31.266,31.633,31.583,35.669,36.584,33.769,34.568,34.155,33.815
Andorra,AND,"Labor force participation rate for ages 15-24, total (%) (modeled ILO estimate)",SL.TLF.ACTI.1524.ZS,,,,,,,,,,,,,,,,,,,,,,,,,,,,,,,,,,,,,,,
Arab World,ARB,"Labor force participation rate for ages 15-24, total (%) (modeled ILO estimate)",SL.TLF.ACTI.1524.ZS,,,,,,,35.72942743,35.98050931,36.04412614,35.97983515,35.92119074,35.4254431,34.91499807,34.31357941,34.93324102,33.81746265,32.62463534,32.59826812,32.43923477,32.12512308,31.86851244,31.67116821,31.18704439,31.24785864,30.64599033,30.35446516,29.7950411,29.54582698,29.46987985,29.20595129,28.03696777,27.70917597,26.7854401,25.69171962,25.11698981,24.23953335,24.85933672,25.06806611,25.09153876
United Arab Emirates,ARE,"Labor force participation rate for ages 15-24, total (%) (modeled ILO estimate)",SL.TLF.ACTI.1524.ZS,,,,,,,50.631,50.555,50.418,49.598,48.669,49.05,50.065,50.733,51.121,51.296,51.311,51.196,50.972,50.652,50.972,52.212,53.373,53.987,54.189,54.06,53.807,53.69,53.72,53.873,54.093,54.311,55.034,57.357,51.959,40.32,46.266,45.065,45.864
Argentina,ARG,"Labor force participation rate for ages 15-24, total (%) (modeled ILO estimate)",SL.TLF.ACTI.1524.ZS,,,,,,,47.716,47.552,47.381,47.266,47.365,47.259,47.091,47.024,47.138,47.186,47.329,47.652,47.46,47.269,45.255,45.501,44.019,42.547,42.378,41.042,40.914,40.508,40.081,38.58,38.703,38.827,38.952,39.405,38.996,33.09,37.008,37.434,37.728
Armenia,ARM,"Labor force participation rate for ages 15-24, total (%) (modeled ILO estimate)",SL.TLF.ACTI.1524.ZS,,,,,,,43.964,43.958,43.933,43.905,43.882,43.873,43.869,43.862,43.859,43.855,43.851,43.849,43.848,43.847,43.845,43.844,43.846,43.142,44.597,44.356,43.911,43.245,42.967,42.664,42.394,42.427,41.702,41.191,43.757,37.859,34.487,38.249,38.353
American Samoa,ASM,"Labor force participation rate for ages 15-24, total (%) (modeled ILO estimate)",SL.TLF.ACTI.1524.ZS,,,,,,,,,,,,,,,,,,,,,,,,,,,,,,,,,,,,,,,
Antigua and Barbuda,ATG,"Labor force participation rate for ages 15-24, total (%) (modeled ILO estimate)",SL.TLF.ACTI.1524.ZS,,,,,,,,,,,,,,,,,,,,,,,,,,,,,,,,,,,,,,,
Australia,AUS,"Labor force participation rate for ages 15-24, total (%) (modeled ILO estimate)",SL.TLF.ACTI.1524.ZS,,,,,,,69.665,69.396,68.736,70.586,71.645,71.665,70.064,69.874,69.924,70.182,70.673,69.983,70.224,70.143,70.813,70.803,70.763,70.752,69.102,68.432,68.142,67.522,66.822,66.562,67.261,66.791,66.891,67.851,68.121,66.241,68.58,68.326,67.834
Austria,AUT,"Labor force participation rate for ages 15-24, total (%) (modeled ILO estimate)",SL.TLF.ACTI.1524.ZS,,,,,,,63.621,64.369,61.715,62.27,61.758,59.634,58.423,58.56,58.377,56.075,54.684,55.741,54.71,55.748,56.967,56.837,58.389,58.617,58.476,57.221,58,58.15,57.741,57.074,56.499,56.659,54.943,55.811,55.477,55.558,55.694,56.606,59.286
Azerbaijan,AZE,"Labor force participation rate for ages 15-24, total (%) (modeled ILO estimate)",SL.TLF.ACTI.1524.ZS,,,,,,,53.853,56.645,59.113,60.85,61.718,61.682,61.374,60.793,60.358,59.657,56.026,53.164,51.272,47.186,47.713,44.009,39.475,36.018,35.424,33.515,33.137,33.348,34.243,35.928,37.522,40.082,41.922,43.555,46.948,46.26,47.112,46.587,46.738
Burundi,BDI,"Labor force participation rate for ages 15-24, total (%) (modeled ILO estimate)",SL.TLF.ACTI.1524.ZS,,,,,,,80.35,79.107,77.796,76.435,75.023,73.543,72.006,70.418,69.731,69.035,68.332,67.62,66.899,66.17,65.434,64.691,63.208,61.703,60.179,58.635,57.073,55.498,53.914,52.323,53.159,53.95,54.682,55.352,55.954,56.155,55.958,56.061,56.22
Belgium,BEL,"Labor force participation rate for ages 15-24, total (%) (modeled ILO estimate)",SL.TLF.ACTI.1524.ZS,,,,,,,36.479,36.213,34.41,35.192,33.882,32.771,32.03,32.631,32.869,35.729,33.61,33.83,33.51,34.026,35.02,34.7,33.87,33.4,32.44,32.51,31.98,31.48,30.99,30.19,30,28.46,28.075,29.628,30.98,28.427,30.257,31.1,31.452
Benin,BEN,"Labor force participation rate for ages 15-24, total (%) (modeled ILO estimate)",SL.TLF.ACTI.1524.ZS,,,,,,,66.359,66.26,65.479,64.69,63.892,63.086,62.273,61.453,60.626,59.792,58.953,58.109,56.456,54.79,53.112,51.429,49.743,48.058,46.379,44.709,43.053,41.519,40.001,38.503,37.026,35.574,34.148,32.75,32.483,32.176,32.104,31.74,31.86
Burkina Faso,BFA,"Labor force participation rate for ages 15-24, total (%) (modeled ILO estimate)",SL.TLF.ACTI.1524.ZS,,,,,,,78.973,78.23,77.468,76.687,75.888,75.071,74.235,73.383,72.512,71.624,70.719,69.796,68.856,67.9,66.928,65.94,64.25,62.524,60.765,58.977,57.164,55.332,53.485,51.628,51.413,51.205,50.974,50.711,50.405,49.927,49.943,49.955,49.796
Bangladesh,BGD,"Labor force participation rate for ages 15-24, total (%) (modeled ILO estimate)",SL.TLF.ACTI.1524.ZS,,,,,,,49.537,49.459,49.421,49.415,49.431,49.174,48.947,48.736,48.52,48.288,48.008,47.756,47.518,47.277,47.023,46.616,45.741,44.868,43.998,43.132,42.27,41.413,40.561,39.714,38.874,38.041,40.465,40.588,40.632,40.048,39.832,39.035,38.82
Bulgaria,BGR,"Labor force participation rate for ages 15-24, total (%) (modeled ILO estimate)",SL.TLF.ACTI.1524.ZS,,,,,,,46.379,47.215,45.015,42.837,40.69,38.581,36.519,34.51,32.559,30.674,34.662,31.84,29.223,29.494,27.862,28.862,28.88,30.109,29.512,31.151,29.441,30.419,29.628,27.199,25.947,23.879,26.29,23.681,23.904,21.885,19.974,22.196,22.87
Bahrain,BHR,"Labor force participation rate for ages 15-24, total (%) (modeled ILO estimate)",SL.TLF.ACTI.1524.ZS,,,,,,,44.154,44.19,44.233,44.237,44.176,44.033,43.809,43.525,43.194,42.823,42.428,42.104,42.067,42.421,42.699,42.705,42.489,42.105,41.619,41.275,39.339,40.42,41.288,42.169,43.245,43.315,43.301,43.38,43.312,42.15,41.251,40.86,41.179
"Bahamas, The",BHS,"Labor force participation rate for ages 15-24, total (%) (modeled ILO estimate)",SL.TLF.ACTI.1524.ZS,,,,,,,57.768,57.784,57.812,57.838,57.626,57.307,57.052,56.445,56.341,56.075,55.908,55.746,55.477,55.277,55.163,55.022,54.856,54.585,54.262,54.087,53.976,53.938,53.702,53.532,53.28,52.974,52.683,52.357,51.952,47.053,48.926,48.285,48.407
Bosnia and Herzegovina,BIH,"Labor force participation rate for ages 15-24, total (%) (modeled ILO estimate)",SL.TLF.ACTI.1524.ZS,,,,,,,31.757,31.789,31.8,31.767,31.57,31.324,31.037,30.904,30.795,30.601,30.471,30.977,31.49,32.011,32.537,33.064,33.039,32.615,32.173,32.697,31.046,29.366,27.887,28.832,31.826,29.889,31.648,31.826,34.486,31.996,32.353,28.497,28.757
Belarus,BLR,"Labor force participation rate for ages 15-24, total (%) (modeled ILO estimate)",SL.TLF.ACTI.1524.ZS,,,,,,,43.439,44.29,44.936,45.862,46.614,46.409,45.617,44.981,44.695,44.882,45.068,45.255,45.442,45.627,45.813,45.998,46.182,46.366,46.549,46.73,46.911,47.091,47.272,47.454,47.637,47.82,48.365,45.95,44.819,44.744,42.566,41.961,42.035
Belize,BLZ,"Labor force participation rate for ages 15-24, total (%) (modeled ILO estimate)",SL.TLF.ACTI.1524.ZS,,,,,,,47.508,46.917,46.647,46.763,46.752,46.737,46.72,46.716,46.63,46.583,46.533,46.484,46.437,46.391,46.346,46.302,46.259,46.217,46.176,46.135,46.095,46.056,46.017,47.939,47.154,46.372,46.929,48.383,49.899,48.546,50.272,49.539,49.714
Bermuda,BMU,"Labor force participation rate for ages 15-24, total (%) (modeled ILO estimate)",SL.TLF.ACTI.1524.ZS,,,,,,,,,,,,,,,,,,,,,,,,,,,,,,,,,,,,,,,
Bolivia,BOL,"Labor force participation rate for ages 15-24, total (%) (modeled ILO estimate)",SL.TLF.ACTI.1524.ZS,,,,,,,53.042,53.052,53.002,52.942,52.882,52.829,52.761,53.642,54.52,51.139,50.773,50.407,50.042,49.677,49.312,54.777,51.792,51.08,50.801,51.7,52.598,44.866,46.09,51.405,44.076,43.538,44.536,49.608,49.077,49.698,44.479,44.377,45.722
Brazil,BRA,"Labor force participation rate for ages 15-24, total (%) (modeled ILO estimate)",SL.TLF.ACTI.1524.ZS,,,,,,,63.946,63.628,63.309,62.989,62.668,60.237,60.979,60.869,61.33,60.942,60.552,62.042,61.602,62.572,64.042,62.632,62.342,61.842,61.342,59.362,57.352,57.07,55.93,55.09,54.93,55.15,56.03,56.14,57.04,51.44,54.831,56.39,54.493
Barbados,BRB,"Labor force participation rate for ages 15-24, total (%) (modeled ILO estimate)",SL.TLF.ACTI.1524.ZS,,,,,,,63.618,62.141,62.516,62.884,64.641,64.367,61.847,61.072,60.298,59.493,58.683,57.877,57.059,57.651,56.987,56.335,55.714,55.01,54.332,53.653,52.973,47.204,47.242,46.326,42.368,43.771,41.379,44.207,44.402,42.279,43.129,42.591,42.373
Brunei Darussalam,BRN,"Labor force participation rate for ages 15-24, total (%) (modeled ILO estimate)",SL.TLF.ACTI.1524.ZS,,,,,,,47.034,47.259,47.483,47.706,47.927,48.148,48.369,48.588,48.807,49.026,49.247,48.607,47.971,47.337,46.704,46.074,45.446,44.819,44.194,43.57,42.948,42.336,41.725,41.116,40.509,39.904,39.299,40.66,39.282,38.498,38.257,38.532,38.35
Bhutan,BTN,"Labor force participation rate for ages 15-24, total (%) (modeled ILO estimate)",SL.TLF.ACTI.1524.ZS,,,,,,,54.258,53.471,52.677,51.864,51.057,50.819,50.655,50.546,50.496,50.5,50.491,50.534,50.611,50.651,50.643,50.141,49.634,49.122,48.621,40.373,37.958,32.306,29.397,26.899,29.561,28.403,27.26,26.136,26.645,27.221,27.397,26.562,26.052
Botswana,BWA,"Labor force participation rate for ages 15-24, total (%) (modeled ILO estimate)",SL.TLF.ACTI.1524.ZS,,,,,,,47.604,46.864,46.098,45.224,44.214,43.343,42.311,41.187,40.047,38.912,39.391,39.869,40.349,40.829,41.312,41.796,40.973,40.156,39.344,38.435,38.12,37.807,37.494,37.183,36.872,36.562,36.252,35.944,35.636,35.242,37.96,38.813,38.826
Central African Republic,CAF,"Labor force participation rate for ages 15-24, total (%) (modeled ILO estimate)",SL.TLF.ACTI.1524.ZS,,,,,,,50.709,50.664,50.547,50.363,50.117,50.165,50.161,50.102,49.976,49.79,50.018,50.134,50.174,50.17,50.146,50.472,50.753,50.966,51.069,51.038,51.631,52.112,52.491,52.742,52.907,52.5,51.998,51.426,50.819,50.336,50.129,50.866,50.999
Canada,CAN,"Labor force participation rate for ages 15-24, total (%) (modeled ILO estimate)",SL.TLF.ACTI.1524.ZS,,,,,,,68.148,66.178,64.445,63.935,63.175,62.254,61.481,61.822,63.47,64.401,64.672,66.541,67.341,66.85,65.882,66.251,66.988,67.348,65.349,64.499,64.527,63.516,63.835,64.206,64.245,63.735,63.914,63.343,64.586,61.746,63.827,64.46,64.277
Central Europe and the Baltics,CEB,"Labor force participation rate for ages 15-24, total (%) (modeled ILO estimate)",SL.TLF.ACTI.1524.ZS,,,,,,,48.52089853,48.697307,47.11475275,46.1538232,44.75691961,43.01643257,40.81422963,40.45553713,39.24252977,39.19657899,39.19182748,37.13339757,35.26371407,34.66950134,33.36941818,32.59302269,32.00767295,32.0038004,32.14836577,32.36817575,31.36997371,31.6399747,31.5998337,32.12195486,32.1869848,32.39093267,33.08302217,32.67892889,32.4368687,30.44978356,29.34686437,29.44265326,29.65470316
Switzerland,CHE,"Labor force participation rate for ages 15-24, total (%) (modeled ILO estimate)",SL.TLF.ACTI.1524.ZS,,,,,,,68.635,68.565,69.345,65.109,63.848,66.431,66.956,67.221,68.597,68.278,67.769,69.257,69.347,67.057,65.657,68.618,67.369,67.128,67.266,68.108,68.559,67.579,68.009,67.899,67.519,68.349,68.669,67.989,66.479,65.019,65.38,65.02,64.627
Channel Islands,CHI,"Labor force participation rate for ages 15-24, total (%) (modeled ILO estimate)",SL.TLF.ACTI.1524.ZS,,,,,,,52.69,52.001,52.413,52.925,53.226,52.543,51.968,52.605,51.916,51.924,52.395,49.447,49.128,48.44,49.575,49.914,51.141,51.523,49.579,47.921,50.521,49.945,49.969,49.952,50.329,49.929,49.747,49.778,49.415,48.944,48.597,49.489,49.443
Chile,CHL,"Labor force participation rate for ages 15-24, total (%) (modeled ILO estimate)",SL.TLF.ACTI.1524.ZS,,,,,,,44.311,44.098,43.981,43.897,43.726,43.599,42.949,41.351,40.364,38.556,37.056,36.306,36.074,36.347,36.199,36.619,37.149,39.539,38.429,37.741,38.631,37.375,36.551,36.271,36.021,34.759,34.214,33.676,31.676,26.609,26.828,29.679,29.931
China,CHN,"Labor force participation rate for ages 15-24, total (%) (modeled ILO estimate)",SL.TLF.ACTI.1524.ZS,,,,,,,77.373,76.429,75.457,74.459,73.433,72.381,71.302,70.198,69.07,67.918,66.923,65.912,64.886,63.848,62.797,61.734,60.661,59.577,58.483,57.381,56.317,55.441,54.573,53.743,52.955,52.192,51.418,50.652,49.967,46.884,48.757,48.417,48.32
Cote d'Ivoire,CIV,"Labor force participation rate for ages 15-24, total (%) (modeled ILO estimate)",SL.TLF.ACTI.1524.ZS,,,,,,,53.523,53.215,52.799,52.325,51.824,51.793,51.71,51.573,51.195,50.817,50.438,50.059,49.681,49.303,48.925,48.547,48.17,47.792,47.416,47.039,46.663,46.286,45.91,45.534,45.159,44.785,44.412,44.039,43.667,43.253,43.226,42.577,42.598
Cameroon,CMR,"Labor force participation rate for ages 15-24, total (%) (modeled ILO estimate)",SL.TLF.ACTI.1524.ZS,,,,,,,71.839,71.882,71.808,71.609,71.28,71.061,70.71,70.252,69.733,69.193,68.874,68.545,68.208,67.861,67.508,67.391,67.21,63.907,60.469,56.924,54.841,52.741,50.631,48.519,48.301,48.09,47.819,47.492,47.119,46.671,46.604,46.506,46.543
"Congo, Dem. Rep.",COD,"Labor force participation rate for ages 15-24, total (%) (modeled ILO estimate)",SL.TLF.ACTI.1524.ZS,,,,,,,44.28,44.487,44.649,44.712,44.625,44.855,44.958,44.946,44.882,44.827,44.988,45.097,45.173,45.221,45.242,43.87,42.507,41.156,39.817,38.493,37.185,35.896,35.952,35.949,35.885,35.889,35.802,35.639,35.413,35.077,35.013,34.534,34.589
"Congo, Rep.",COG,"Labor force participation rate for ages 15-24, total (%) (modeled ILO estimate)",SL.TLF.ACTI.1524.ZS,,,,,,,46.553,46.067,45.557,45.068,44.623,44.24,43.892,43.577,43.286,43.011,42.9,42.768,42.642,42.551,42.511,42.414,42.361,42.327,42.273,42.172,42.513,42.751,42.905,42.984,42.999,42.877,42.671,42.386,42.028,41.226,41.026,42.155,42.376
Colombia,COL,"Labor force participation rate for ages 15-24, total (%) (modeled ILO estimate)",SL.TLF.ACTI.1524.ZS,,,,,,,57.339,57.291,57.212,57.121,57.042,57.034,56.993,57.018,57.163,57.131,57.129,56.258,56.748,54.799,52.41,50.611,48.81,48.33,52.141,51.66,52.66,53.6,52.089,51.549,51.399,50.06,49.23,48.12,46.74,46.94,48.35,44.45,44.562
Comoros,COM,"Labor force participation rate for ages 15-24, total (%) (modeled ILO estimate)",SL.TLF.ACTI.1524.ZS,,,,,,,18.776,18.729,18.634,18.495,18.288,18.077,17.825,17.544,17.233,16.891,16.616,16.315,16,15.696,15.595,15.494,15.391,15.288,15.184,15.08,14.976,14.875,14.774,14.674,14.509,14.376,14.213,14.029,13.834,13.705,13.598,13.553,13.404
Cabo Verde,CPV,"Labor force participation rate for ages 15-24, total (%) (modeled ILO estimate)",SL.TLF.ACTI.1524.ZS,,,,,,,62.515,61.524,60.523,59.513,58.495,57.469,56.437,55.399,54.356,53.308,52.256,51.202,50.147,49.091,48.035,46.981,45.93,44.883,43.84,42.804,41.775,40.753,39.739,38.733,37.738,36.752,35.778,32.599,31.756,29.576,30.147,28.982,28.933
Costa Rica,CRI,"Labor force participation rate for ages 15-24, total (%) (modeled ILO estimate)",SL.TLF.ACTI.1524.ZS,,,,,,,53.513,51.757,53.177,52.414,53.268,49.341,50.833,53.599,51.261,50.389,51.388,49.747,50.633,47.661,49.046,49.506,51.416,49.115,47.376,44.65,43.61,48.161,47.744,48.208,45.731,42.608,42.63,45.63,45.312,43.926,45.414,42.968,39.099
Caribbean small states,CSS,"Labor force participation rate for ages 15-24, total (%) (modeled ILO estimate)",SL.TLF.ACTI.1524.ZS,,,,,,,49.89727638,49.56668627,49.54424101,49.50710007,49.51064088,49.08758318,48.44828863,47.87725868,47.36698185,47.14490503,46.98819078,46.84640166,46.79597299,46.91503598,47.00353937,47.06064886,47.14250555,47.1756903,47.24401819,47.31830964,47.37336229,47.03353252,47.12786089,47.4264662,47.07671267,47.10831679,46.87866043,47.23147528,45.43971768,43.29811392,44.03592318,44.28471846,44.79152682
Cuba,CUB,"Labor force participation rate for ages 15-24, total (%) (modeled ILO estimate)",SL.TLF.ACTI.1524.ZS,,,,,,,40.44,41.204,42.157,42.151,42.047,41.66,41.534,41.545,41.239,40.946,40.792,40.73,40.542,40.25,39.684,39.07,38.685,38.457,41.403,41.685,41.507,41.348,41.208,41.17,40.93,40.916,40.822,40.701,40.728,37.153,38.344,41.167,41.497
Curacao,CUW,"Labor force participation rate for ages 15-24, total (%) (modeled ILO estimate)",SL.TLF.ACTI.1524.ZS,,,,,,,,,,,,,,,,,,,,,,,,,,,,,,,,,,,,,,,
Cayman Islands,CYM,"Labor force participation rate for ages 15-24, total (%) (modeled ILO estimate)",SL.TLF.ACTI.1524.ZS,,,,,,,,,,,,,,,,,,,,,,,,,,,,,,,,,,,,,,,
Cyprus,CYP,"Labor force participation rate for ages 15-24, total (%) (modeled ILO estimate)",SL.TLF.ACTI.1524.ZS,,,,,,,55.062,51.683,50.257,48.829,47.402,45.978,44.561,43.154,41.757,40.375,42.492,39.791,41.209,41.795,42.935,41.718,41.713,41.768,40.462,40.607,38.867,39.184,38.52,40.371,37.984,37.227,36.827,39.452,38.954,38.432,41.97,42.315,43.645
Czechia,CZE,"Labor force participation rate for ages 15-24, total (%) (modeled ILO estimate)",SL.TLF.ACTI.1524.ZS,,,,,,,51.142,51.242,51.251,52.02,50.56,49.34,48.34,49.05,48.28,46.1,43.12,40.06,38.13,35.84,33.86,33.53,31.92,31.139,31.84,30.88,29.93,31.27,31.55,32.2,32.48,31.979,31.649,30.409,29.709,27.297,27.038,27.6,28.524
Germany,DEU,"Labor force participation rate for ages 15-24, total (%) (modeled ILO estimate)",SL.TLF.ACTI.1524.ZS,,,,,,,60.497,58.331,56.249,54.931,52.484,50.398,49.687,50.016,50.776,50.425,50.405,50.022,49.471,47.467,49.642,50.458,51.549,52.166,51.764,51.282,52.41,50.698,50.849,49.918,48.819,49.218,49.859,50.274,51.43,51.837,52.262,53.594,54.325
Djibouti,DJI,"Labor force participation rate for ages 15-24, total (%) (modeled ILO estimate)",SL.TLF.ACTI.1524.ZS,,,,,,,31.541,31.082,30.285,29.513,29.011,28.29,27.834,27.496,27.006,26.26,25.778,25.078,24.246,23.408,22.598,21.346,20.159,19.037,18.016,17.123,16.65,16.276,15.965,15.653,15.308,15.11,14.812,14.467,14.161,13.568,13.688,14.141,14.081
Dominica,DMA,"Labor force participation rate for ages 15-24, total (%) (modeled ILO estimate)",SL.TLF.ACTI.1524.ZS,,,,,,,,,,,,,,,,,,,,,,,,,,,,,,,,,,,,,,,
Denmark,DNK,"Labor force participation rate for ages 15-24, total (%) (modeled ILO estimate)",SL.TLF.ACTI.1524.ZS,,,,,,,73.156,72.006,70.53,69.109,73.213,73.782,74.257,71.577,73.341,71.893,67.21,68.827,65.871,66.429,68.14,69.94,70.609,69.078,67.859,63.969,63.36,60.989,58.119,58.269,58.448,59.537,60.378,60.069,61.129,60.22,60.411,62.8,63.954
Dominican Republic,DOM,"Labor force participation rate for ages 15-24, total (%) (modeled ILO estimate)",SL.TLF.ACTI.1524.ZS,,,,,,,47.716,47.195,46.881,46.832,46.607,46.362,45.954,45.662,45.411,45.231,43.71,43.921,41.171,41.788,41.171,41.089,41.56,42,37.418,38.568,40.537,41.179,41.046,40.875,44.056,44.739,43.614,44.687,45.267,39.188,45.539,45.811,45.409
Algeria,DZA,"Labor force participation rate for ages 15-24, total (%) (modeled ILO estimate)",SL.TLF.ACTI.1524.ZS,,,,,,,41.056,40.997,41.189,41.278,41.024,40.709,39.697,38.687,37.684,36.686,35.696,34.715,33.744,32.787,31.844,30.918,30.008,29.116,28.243,28.185,27.604,27.026,26.466,25.952,25.174,24.547,24.46,24.397,24.372,22.423,22.82,22.781,23.26
East Asia & Pacific (excluding high income),EAP,"Labor force participation rate for ages 15-24, total (%) (modeled ILO estimate)",SL.TLF.ACTI.1524.ZS,,,,,,,72.1175241,71.26635923,70.18462257,69.60067622,68.56747414,67.5238039,66.26237732,65.1560276,64.18169036,63.13610648,62.54521973,61.61940119,60.67679337,60.13384435,59.0074598,58.25432252,57.66098249,56.73847737,55.8494137,54.74036252,53.9828391,53.37633751,52.56055153,51.77308071,51.12146832,50.27641573,49.40746223,48.91006928,48.49715257,45.76614545,46.14700268,46.17778145,46.40196166
Early-demographic dividend,EAR,"Labor force participation rate for ages 15-24, total (%) (modeled ILO estimate)",SL.TLF.ACTI.1524.ZS,,,,,,,46.93259007,46.78752158,46.36023055,46.54169033,46.39083601,46.23876585,46.05499942,45.94836996,46.09075221,45.73041499,45.25093329,44.90757444,44.49817272,44.36258855,43.83774696,43.28855932,42.63418154,41.87578418,41.15778261,40.47546294,39.77580741,39.3464074,38.95821141,38.42147275,37.98329212,37.56153953,37.14797486,36.64490248,36.17733273,35.05318799,35.33933074,35.69457745,36.3920316
East Asia & Pacific,EAS,"Labor force participation rate for ages 15-24, total (%) (modeled ILO estimate)",SL.TLF.ACTI.1524.ZS,,,,,,,69.78994581,69.04717194,68.06057342,67.55920628,66.61231223,65.67431899,64.52125567,63.46458439,62.5470281,61.59364222,61.08894496,60.26459821,59.41957071,58.95000505,57.94344513,57.24000762,56.64607951,55.73777785,54.8402591,53.78021482,53.05106194,52.44303741,51.69716703,51.01187175,50.4470891,49.72722528,48.91353786,48.57018214,48.2768992,45.68972834,46.12538367,46.18232016,46.4072385
Europe & Central Asia (excluding high income),ECA,"Labor force participation rate for ages 15-24, total (%) (modeled ILO estimate)",SL.TLF.ACTI.1524.ZS,,,,,,,45.62926279,45.24836109,43.9237306,45.23263704,44.50094445,44.3992963,43.73979434,43.25836392,43.38156475,41.86149761,41.39566297,40.73289386,39.76961649,39.12651479,39.04053757,38.3893852,38.02923122,37.99921848,38.06887131,37.90457582,38.21931015,37.53250371,37.8024784,38.41956477,38.90906315,39.08861627,39.37869376,39.59054752,39.79243718,36.94153455,37.87740767,39.64691222,39.71953707
Europe & Central Asia,ECS,"Labor force participation rate for ages 15-24, total (%) (modeled ILO estimate)",SL.TLF.ACTI.1524.ZS,,,,,,,50.55856937,49.9792917,48.32372678,47.75458637,46.86575967,45.79792346,44.55505151,44.08294384,44.96097226,44.31977741,43.44457538,43.02538705,42.09946546,41.81303883,41.61126796,41.33315441,41.32558205,41.83408651,41.54913001,41.04289073,40.98265263,40.38277257,40.52743675,40.35574886,40.36298993,40.41209651,40.25738933,40.18235963,40.13931769,38.21683666,38.68827138,39.71721786,40.05450356
Ecuador,ECU,"Labor force participation rate for ages 15-24, total (%) (modeled ILO estimate)",SL.TLF.ACTI.1524.ZS,,,,,,,47.988,47.994,48.003,47.962,47.963,47.973,47.799,52.434,52.129,51.823,52.126,52.428,52.73,54.03,52.474,54.336,50.897,50.773,47.657,44.687,41.745,43.001,41.1,40.131,42.768,44.8,45.226,43.982,43.94,39.733,45.977,45.87,45.6
"Egypt, Arab Rep.",EGY,"Labor force participation rate for ages 15-24, total (%) (modeled ILO estimate)",SL.TLF.ACTI.1524.ZS,,,,,,,30.625,32.145,32.789,33.411,33.647,32.564,31.499,30.453,34.201,31.253,28.425,30.209,31.137,32.073,33.017,33.969,33.739,35.571,35.431,34.769,33.518,33.602,34.509,33.854,32.172,31.485,29.116,24.497,22.81,22.763,24.105,23.866,24.016
Euro area,EMU,"Labor force participation rate for ages 15-24, total (%) (modeled ILO estimate)",SL.TLF.ACTI.1524.ZS,,,,,,,49.73409907,47.87515688,46.31735984,45.09507882,43.97469912,43.0363748,42.75221327,43.3673759,43.99836403,44.07527574,43.64458423,43.7957689,43.56270029,43.28873076,42.99940384,42.97470335,43.25091839,43.32371991,42.47871373,41.45483881,41.02112242,40.48172036,40.40741262,39.6450512,39.24494207,39.23962369,39.3405096,39.55622561,39.67530825,38.25338154,39.73593771,41.16967458,42.23048427
Eritrea,ERI,"Labor force participation rate for ages 15-24, total (%) (modeled ILO estimate)",SL.TLF.ACTI.1524.ZS,,,,,,,74.776,75.707,76.571,77.354,78.013,77.532,76.893,76.1,75.237,74.448,72.291,70.222,68.262,66.414,64.728,64.816,64.98,65.239,65.611,66.06,67.096,68.007,68.808,69.52,70.133,69.806,69.657,69.507,69.141,68.027,67.697,69.141,69.346
Spain,ESP,"Labor force participation rate for ages 15-24, total (%) (modeled ILO estimate)",SL.TLF.ACTI.1524.ZS,,,,,,,45.5,44.649,43.172,43.334,41.635,40.641,40.849,41.14,42.116,43.154,42.437,43.652,44.373,44.908,47.92,48.181,47.887,47.704,45.045,42.661,40.923,39.03,37.782,35.714,34.716,33.043,33.331,32.992,32.991,29.904,31.547,32.707,32.94
Estonia,EST,"Labor force participation rate for ages 15-24, total (%) (modeled ILO estimate)",SL.TLF.ACTI.1524.ZS,,,,,,,51.803,50.865,50.563,53.302,49.18,46.997,41.655,40.899,36.969,37.384,35.404,31.782,38.753,39.735,35.872,35.622,37.945,40.797,38.995,37.658,39.978,40.814,39.735,39.109,41.821,43.251,46.123,47.35,44.674,42.956,40.287,44.748,44.075
Ethiopia,ETH,"Labor force participation rate for ages 15-24, total (%) (modeled ILO estimate)",SL.TLF.ACTI.1524.ZS,,,,,,,72.763,72.893,72.956,72.96,73.199,73.437,73.674,73.91,74.145,74.379,74.612,74.844,75.074,75.303,75.53,75.452,75.374,75.296,75.217,75.139,75.06,74.981,74.903,74.102,73.294,72.632,71.938,71.241,70.567,69.897,69.748,69.085,69.149
European Union,EUU,"Labor force participation rate for ages 15-24, total (%) (modeled ILO estimate)",SL.TLF.ACTI.1524.ZS,,,,,,,49.97539352,48.53516402,46.8789765,45.74583239,44.61851827,43.448742,42.61334412,42.96191816,43.11720053,43.24119842,42.93813303,42.49403779,41.78998735,41.46340759,41.03051074,40.89712282,40.98724015,41.09644327,40.57941955,39.94162362,39.48583586,39.16391307,39.14649748,38.70119978,38.43822708,38.48551346,38.74368773,38.85698414,39.00906543,37.45646855,38.48423142,39.67888907,40.64428289
Fragile and conflict affected situations,FCS,"Labor force participation rate for ages 15-24, total (%) (modeled ILO estimate)",SL.TLF.ACTI.1524.ZS,,,,,,,50.05281639,49.81558913,49.48609699,49.16558919,48.98975558,48.86136116,48.7081044,48.46362303,48.16140116,47.8446916,47.64870236,47.39295895,47.14755112,46.9234007,46.68719823,46.33360513,45.96524471,45.54715908,45.09837535,44.67098276,44.38644781,43.50770353,42.75163994,42.3162611,41.88248126,41.39440445,40.82395967,40.33347809,39.7409337,38.89177245,38.84822273,38.9316388,39.07737854
Finland,FIN,"Labor force participation rate for ages 15-24, total (%) (modeled ILO estimate)",SL.TLF.ACTI.1524.ZS,,,,,,,57.142,52.347,49.689,46.282,49.633,47.486,48.564,49.827,49.948,50.069,50.19,50.311,50.433,50.554,50.675,51.827,53.416,53.474,50.424,49.376,50.515,51.586,51.807,52.053,52.176,52.162,53.216,53.042,53.896,52.239,52.901,53.919,54.94
Fiji,FJI,"Labor force participation rate for ages 15-24, total (%) (modeled ILO estimate)",SL.TLF.ACTI.1524.ZS,,,,,,,46.21,45.581,45.486,45.009,44.85,44.38,43.524,42.671,41.823,40.98,40.142,39.309,38.483,37.663,36.85,37.182,37.515,37.848,38.182,38.517,38.852,38.593,38.334,38.072,38.743,39.42,38.841,38.461,38.607,36.257,36.466,39.257,39.772
France,FRA,"Labor force participation rate for ages 15-24, total (%) (modeled ILO estimate)",SL.TLF.ACTI.1524.ZS,,,,,,,39.914,39.483,38.035,36.394,35.493,34.961,33.911,33.952,35.807,35.478,35.746,36.882,37.135,36.696,34.051,34.112,34.623,34.719,35.59,35.01,33.981,33.36,35.309,34.366,34.868,34.908,34.964,35.654,34.876,33.847,37.759,40.333,42.755
Faroe Islands,FRO,"Labor force participation rate for ages 15-24, total (%) (modeled ILO estimate)",SL.TLF.ACTI.1524.ZS,,,,,,,,,,,,,,,,,,,,,,,,,,,,,,,,,,,,,,,
"Micronesia, Fed. Sts.",FSM,"Labor force participation rate for ages 15-24, total (%) (modeled ILO estimate)",SL.TLF.ACTI.1524.ZS,,,,,,,,,,,,,,,,,,,,,,,,,,,,,,,,,,,,,,,
Gabon,GAB,"Labor force participation rate for ages 15-24, total (%) (modeled ILO estimate)",SL.TLF.ACTI.1524.ZS,,,,,,,23.006,23.119,23.175,23.166,23.085,22.985,22.812,22.581,22.307,22.003,21.65,21.278,20.899,20.532,20.188,19.68,19.225,18.838,18.515,18.255,17.946,17.674,17.464,17.316,17.21,17.449,17.671,17.866,18.013,16.467,16.768,18.037,18.301
United Kingdom,GBR,"Labor force participation rate for ages 15-24, total (%) (modeled ILO estimate)",SL.TLF.ACTI.1524.ZS,,,,,,,70.13,67.908,66.016,64.635,63.655,64.394,64.313,63.852,63.017,63.417,61.896,62.396,61.187,61.567,62.226,62.317,61.397,61.245,59.226,58.444,58.214,58.644,58.324,57.813,58.524,58.344,57.484,57.091,56.642,54.667,51.22,54.355,55.029
Georgia,GEO,"Labor force participation rate for ages 15-24, total (%) (modeled ILO estimate)",SL.TLF.ACTI.1524.ZS,,,,,,,38.178,38.563,38.949,39.331,39.067,38.43,37.771,37.476,37.157,37.065,36.36,34.807,38.227,32.194,33.786,30.714,31.174,36.169,38.543,39.456,41.262,41.708,40.751,41.447,42.36,39.848,40.128,40.447,38.086,38.891,38.757,36.65,36.512
Ghana,GHA,"Labor force participation rate for ages 15-24, total (%) (modeled ILO estimate)",SL.TLF.ACTI.1524.ZS,,,,,,,59.155,58.553,57.949,57.345,56.739,56.131,55.521,54.909,54.296,53.681,52.998,52.313,51.628,50.942,50.256,49.569,48.883,48.197,47.512,46.828,46.144,45.462,44.782,44.104,43.427,43.17,42.863,42.524,42.175,41.469,41.31,41.113,41.054
Gibraltar,GIB,"Labor force participation rate for ages 15-24, total (%) (modeled ILO estimate)",SL.TLF.ACTI.1524.ZS,,,,,,,,,,,,,,,,,,,,,,,,,,,,,,,,,,,,,,,
Guinea,GIN,"Labor force participation rate for ages 15-24, total (%) (modeled ILO estimate)",SL.TLF.ACTI.1524.ZS,,,,,,,44.475,44.926,45.25,45.471,45.596,46.047,46.365,46.564,46.644,46.601,46.996,47.243,45.903,44.568,43.242,41.925,40.621,39.33,38.054,36.796,35.556,34.336,33.137,31.96,30.807,29.678,28.574,27.497,26.445,26.198,26.376,26.156,26.077
"Gambia, The",GMB,"Labor force participation rate for ages 15-24, total (%) (modeled ILO estimate)",SL.TLF.ACTI.1524.ZS,,,,,,,39.192,39.914,40.5,40.602,40.702,40.802,40.901,40.998,41.094,41.188,41.281,41.375,41.465,41.555,41.646,41.736,41.825,41.912,41.999,42.086,42.174,42.261,42.112,41.963,41.814,41.666,41.518,41.371,41.138,40.357,40.38,40.075,40.246
Guinea-Bissau,GNB,"Labor force participation rate for ages 15-24, total (%) (modeled ILO estimate)",SL.TLF.ACTI.1524.ZS,,,,,,,41.699,41.73,41.679,41.48,41.118,41.145,40.972,40.651,40.313,39.983,39.609,39.21,38.789,38.342,37.886,37.615,37.318,37.017,36.735,36.481,36.391,36.265,36.12,35.957,35.774,35.656,35.489,35.269,34.993,34.66,34.556,35.01,35.028
Equatorial Guinea,GNQ,"Labor force participation rate for ages 15-24, total (%) (modeled ILO estimate)",SL.TLF.ACTI.1524.ZS,,,,,,,36.453,36.544,36.613,36.499,36.167,35.624,34.91,34.178,33.552,33.055,32.655,32.246,31.922,31.694,31.528,31.185,30.834,30.547,30.308,30.067,29.881,29.592,29.308,29.05,28.786,28.678,28.459,28.235,28.025,25.975,26.532,28.125,28.585
Greece,GRC,"Labor force participation rate for ages 15-24, total (%) (modeled ILO estimate)",SL.TLF.ACTI.1524.ZS,,,,,,,38.811,38.219,37.828,37.314,37.055,37.204,35.752,40.412,39.833,38.807,36.282,36.009,34.192,36.32,33.539,31.989,30.9,29.982,30.627,30.063,29.245,29.404,28.651,28.02,25.87,24.603,24.944,23.215,22.306,21.015,20.806,23.493,24.849
Grenada,GRD,"Labor force participation rate for ages 15-24, total (%) (modeled ILO estimate)",SL.TLF.ACTI.1524.ZS,,,,,,,,,,,,,,,,,,,,,,,,,,,,,,,,,,,,,,,
Greenland,GRL,"Labor force participation rate for ages 15-24, total (%) (modeled ILO estimate)",SL.TLF.ACTI.1524.ZS,,,,,,,,,,,,,,,,,,,,,,,,,,,,,,,,,,,,,,,
Guatemala,GTM,"Labor force participation rate for ages 15-24, total (%) (modeled ILO estimate)",SL.TLF.ACTI.1524.ZS,,,,,,,56.131,56.009,55.934,55.849,55.711,55.682,55.571,55.426,55.344,55.279,55.282,55.194,55.169,55.107,54.429,53.75,53.069,52.387,51.704,51.02,53.259,57.925,49.839,51.602,52.23,52.517,52.473,52.41,51.409,49.274,50.907,51.602,51.876
Guam,GUM,"Labor force participation rate for ages 15-24, total (%) (modeled ILO estimate)",SL.TLF.ACTI.1524.ZS,,,,,,,59.442,58.038,56.629,55.21,53.786,52.347,50.89,49.433,47.978,46.526,45.083,43.629,45.359,47.098,51.484,51.738,44.646,44.571,44.398,45.318,46.181,45.959,45.803,45.648,45.629,45.706,45.711,45.947,45.83,44.965,45.201,45.258,45.053
Guyana,GUY,"Labor force participation rate for ages 15-24, total (%) (modeled ILO estimate)",SL.TLF.ACTI.1524.ZS,,,,,,,52.286,51.88,51.462,51.17,50.877,50.585,50.292,49.999,49.706,49.413,49.121,48.828,48.816,48.803,48.792,48.78,48.768,48.756,48.745,48.733,48.722,48.711,48.7,48.69,48.68,48.67,48.66,48.649,43.808,43.392,43.019,44.057,44.543
High income,HIC,"Labor force participation rate for ages 15-24, total (%) (modeled ILO estimate)",SL.TLF.ACTI.1524.ZS,,,,,,,52.69832087,52.4327691,51.50006446,50.99184528,50.44625267,49.52115643,48.67421656,48.3056603,48.77132427,48.66709733,47.81395189,47.31289068,46.41799459,46.21862307,45.98759349,45.85386831,45.53012314,45.70213271,44.77967948,44.05416769,43.90860434,43.57742131,43.76857629,43.69451687,43.67872481,43.90979474,43.80381705,43.9761472,44.22422361,42.63773861,43.48833729,43.98582624,44.38855225
"Hong Kong SAR, China",HKG,"Labor force participation rate for ages 15-24, total (%) (modeled ILO estimate)",SL.TLF.ACTI.1524.ZS,,,,,,,56.058,54.567,53.681,52.455,50.275,50.247,49.466,49.235,47.421,45.611,44.927,44.871,44.448,44.305,43.869,42.899,42.719,40.708,39.224,36.053,36.392,36.952,38.872,38.511,40.239,40.681,39.801,40.051,39.811,35.97,34.869,31.94,31.976
Honduras,HND,"Labor force participation rate for ages 15-24, total (%) (modeled ILO estimate)",SL.TLF.ACTI.1524.ZS,,,,,,,59.086,58.895,58.68,58.842,58.646,58.708,58.607,58.565,58.778,57.801,56.792,55.778,54.758,53.733,52.705,49.795,48.323,49.444,50.437,51.461,49.891,48.112,53.175,53.797,54.588,53.382,54.972,57.828,55.196,54.382,54.193,54.012,54.075
Heavily indebted poor countries (HIPC),HPC,"Labor force participation rate for ages 15-24, total (%) (modeled ILO estimate)",SL.TLF.ACTI.1524.ZS,,,,,,,57.8647589,57.7987443,57.57356881,57.3587847,57.19922556,57.15896972,57.04227787,56.89198856,56.72563969,56.47330107,56.36238557,56.22954947,56.04282279,55.89982522,55.72006189,55.43726109,54.91020021,54.34963407,53.76749298,53.22402325,52.73293433,52.0378764,51.70191832,51.21941659,50.76684418,50.52370949,50.03682902,49.60805019,49.15132351,48.67989892,48.337122,48.15195492,48.20252774
Croatia,HRV,"Labor force participation rate for ages 15-24, total (%) (modeled ILO estimate)",SL.TLF.ACTI.1524.ZS,,,,,,,45.233,44.789,44.344,43.899,43.455,43.012,42.569,42.127,41.687,41.247,40.81,40.373,38.433,40.037,38.152,35.917,36.612,36.641,36.289,35.849,32.458,30.087,29.866,33.626,33.183,37.233,35.671,33.48,33.186,32.45,32.941,34.977,30.487
Haiti,HTI,"Labor force participation rate for ages 15-24, total (%) (modeled ILO estimate)",SL.TLF.ACTI.1524.ZS,,,,,,,44.85,43.555,42.269,40.993,39.73,38.542,37.368,36.209,35.065,33.938,34.359,34.782,35.209,35.637,36.068,36.06,35.864,35.818,35.585,35.855,35.625,35.668,35.584,35.483,35.467,35.442,35.389,35.363,35.5,34.826,34.57,34.769,34.692
Hungary,HUN,"Labor force participation rate for ages 15-24, total (%) (modeled ILO estimate)",SL.TLF.ACTI.1524.ZS,,,,,,,43.263,43.698,40.972,39.068,38.408,34.087,34.471,39.702,39.838,37.808,34.133,32.367,30.64,27.3,27.111,26.758,25.76,25.147,24.676,24.812,24.298,25.701,27.399,29.536,31.035,32.306,32.458,32.284,32.212,31.213,31.786,30.824,31.164
IBRD only,IBD,"Labor force participation rate for ages 15-24, total (%) (modeled ILO estimate)",SL.TLF.ACTI.1524.ZS,,,,,,,58.6767703,58.08318897,57.15645454,56.56928724,55.79536003,54.79188986,53.89353267,53.15977854,52.81421548,52.03940714,51.40966843,50.8464223,50.21528985,49.92890429,49.40556679,48.67287314,47.95940587,47.22228662,46.43405813,45.37418128,44.48482919,43.7190479,42.97963125,42.25962826,41.59333432,40.94225342,40.2512137,39.55415893,39.05743885,36.80960984,37.35379251,37.58181865,38.06450271
IDA & IBRD total,IBT,"Labor force participation rate for ages 15-24, total (%) (modeled ILO estimate)",SL.TLF.ACTI.1524.ZS,,,,,,,57.20587991,56.65940483,55.80474131,55.25850973,54.54317788,53.73737779,53.01845362,52.39030613,52.0573832,51.38282613,50.89433574,50.46175354,49.92773615,49.6511975,49.16919525,48.50937009,47.82262962,47.13541224,46.44680582,45.57305306,44.77218364,44.05670767,43.40503433,42.7232251,42.1731321,41.62303348,41.09980571,40.52022659,40.08069412,38.53161234,38.93889039,39.0334681,39.38679063
IDA total,IDA,"Labor force participation rate for ages 15-24, total (%) (modeled ILO estimate)",SL.TLF.ACTI.1524.ZS,,,,,,,51.33338106,51.11563274,50.6910068,50.4494339,50.07938589,50.07520061,50.04561435,49.83082703,49.5887829,49.27303568,49.25608204,49.24779549,49.0264774,48.78810006,48.44156629,48.0132899,47.41661997,46.88349649,46.48291842,46.12240947,45.54444742,44.93795561,44.4841646,43.86461493,43.55513842,43.19577181,43.00560814,42.63231372,42.26161056,42.11511876,42.16307127,41.90783938,41.95304889
IDA blend,IDB,"Labor force participation rate for ages 15-24, total (%) (modeled ILO estimate)",SL.TLF.ACTI.1524.ZS,,,,,,,41.62546847,41.47071354,40.65847045,40.11938293,39.71349218,39.98602446,40.27789767,39.78155634,39.6877532,39.61238924,40.14824684,40.68993076,40.67052068,40.64002888,40.32195759,40.05783895,39.56547317,39.15603935,39.10681703,39.10780208,38.43946167,37.75295253,37.07970612,36.24788491,36.1663371,35.94501086,35.65950518,35.37309527,35.07956744,35.64210394,36.20968958,35.83536008,35.88620858
Indonesia,IDN,"Labor force participation rate for ages 15-24, total (%) (modeled ILO estimate)",SL.TLF.ACTI.1524.ZS,,,,,,,51.375,51.472,50.069,52.968,52.549,52.129,50.658,50.28,51.603,51.798,50.667,50.053,49.278,50.413,47.615,48.63,50.576,49.372,48.053,47.132,46.771,48.071,47.062,45.881,46.302,46.261,46.443,47.61,48.092,47.081,44.752,45.293,45.827
IDA only,IDX,"Labor force participation rate for ages 15-24, total (%) (modeled ILO estimate)",SL.TLF.ACTI.1524.ZS,,,,,,,56.03555951,55.78659067,55.54592074,55.4560018,55.11932,55.01219621,54.85957623,54.81594688,54.52844765,54.12423197,53.86216965,53.59324523,53.28244368,52.95746613,52.61296663,52.10986476,51.4701598,50.87971085,50.29679346,49.74527657,49.20202815,48.6187247,48.2599489,47.72795512,47.27968298,46.82456286,46.66066975,46.23039116,45.81295503,45.31560423,45.11147987,44.92104001,44.96935121
Isle of Man,IMN,"Labor force participation rate for ages 15-24, total (%) (modeled ILO estimate)",SL.TLF.ACTI.1524.ZS,,,,,,,,,,,,,,,,,,,,,,,,,,,,,,,,,,,,,,,
India,IND,"Labor force participation rate for ages 15-24, total (%) (modeled ILO estimate)",SL.TLF.ACTI.1524.ZS,,,,,,,43.795,43.643,43.532,43.464,43.605,43.745,43.885,44.024,44.163,44.302,43.859,43.418,42.976,42.536,42.097,41.006,39.924,38.852,37.79,36.74,35.496,34.271,33.786,33.241,32.61,31.834,31.007,30.156,29.319,28.549,28.404,28.903,30.219
Not classified,INX,"Labor force participation rate for ages 15-24, total (%) (modeled ILO estimate)",SL.TLF.ACTI.1524.ZS,,,,,,,,,,,,,,,,,,,,,,,,,,,,,,,,,,,,,,,
Ireland,IRL,"Labor force participation rate for ages 15-24, total (%) (modeled ILO estimate)",SL.TLF.ACTI.1524.ZS,,,,,,,62.829,57.609,57.75,57.442,56.919,55.439,58.142,62.466,64.976,65.631,63.149,61.15,61.912,60.8,66.529,68.395,69.37,65.96,60.06,53.86,51.37,50.27,49.89,48.05,47.42,50.46,46.69,46.72,47.06,43.68,50.2,53.079,54.562
"Iran, Islamic Rep.",IRN,"Labor force participation rate for ages 15-24, total (%) (modeled ILO estimate)",SL.TLF.ACTI.1524.ZS,,,,,,,37.35,35.99,34.651,33.331,32.032,30.759,31.178,31.6,32.026,32.456,32.89,33.328,33.77,34.215,34.663,33.06,31.418,29.07,29.533,29.197,27.067,27.886,25.886,24.573,24.993,26.485,27.707,27.199,26.158,22.545,22.071,21.965,22.443
Iraq,IRQ,"Labor force participation rate for ages 15-24, total (%) (modeled ILO estimate)",SL.TLF.ACTI.1524.ZS,,,,,,,37.233,36.897,36.793,36.675,36.493,36.339,36.042,35.572,35.104,34.637,34.173,33.711,33.252,32.794,32.34,31.888,31.44,31.133,30.828,30.526,30.225,29.927,30.47,31.02,30.055,29.108,27.379,27.666,27.676,25.988,26.624,26.321,26.662
Iceland,ISL,"Labor force participation rate for ages 15-24, total (%) (modeled ILO estimate)",SL.TLF.ACTI.1524.ZS,,,,,,,59.482,60.485,58.174,58.48,70.317,65.826,65.925,72.123,71.831,77.357,79.914,71.377,80.336,79.314,76.113,78.651,79.869,78.17,73.133,73.664,73.084,75.71,78.057,78.181,80.171,83.03,82.272,80.319,78.58,72.863,74.552,77.926,76.735
Israel,ISR,"Labor force participation rate for ages 15-24, total (%) (modeled ILO estimate)",SL.TLF.ACTI.1524.ZS,,,,,,,55.181,56.182,60.19,61.841,61.691,60.261,59.221,57.22,57.021,58.342,57.433,53.432,53.604,54.454,55.773,56.223,55.571,53.971,52.743,52.682,50.441,52.461,52.51,52.53,51.76,51.291,51.122,49.882,48.692,44.932,45.751,47.373,47.607
Italy,ITA,"Labor force participation rate for ages 15-24, total (%) (modeled ILO estimate)",SL.TLF.ACTI.1524.ZS,,,,,,,46.16,42.085,41.09,38.99,38.731,38.662,38.302,38.411,38.091,38.062,36.282,35.272,34.632,36.715,33.852,32.35,30.82,30.749,28.849,28.079,27.109,28.559,27.14,27.139,26.188,26.609,26.178,26.078,26.078,23.825,24.916,25.996,26.392
Jamaica,JAM,"Labor force participation rate for ages 15-24, total (%) (modeled ILO estimate)",SL.TLF.ACTI.1524.ZS,,,,,,,53.476,52.542,51.611,50.675,49.736,48.792,47.845,46.896,44.804,43.33,41.884,41.132,40.382,39.572,39.284,38.997,38.71,38.424,34.403,31.075,33.264,30.992,32.494,32.82,33.997,36.334,36.488,34.322,35.716,34.455,33.754,32.717,33.87
Jordan,JOR,"Labor force participation rate for ages 15-24, total (%) (modeled ILO estimate)",SL.TLF.ACTI.1524.ZS,,,,,,,33.496,32.885,32.737,32.489,32.098,32.04,31.882,31.724,31.547,31.34,31.017,30.768,30.511,30.119,29.783,29.489,29.296,29.04,28.959,29.024,29.12,29.217,29.279,29.267,29.271,29.238,29.158,26.381,25.686,24.785,23.799,25.802,26.028
Japan,JPN,"Labor force participation rate for ages 15-24, total (%) (modeled ILO estimate)",SL.TLF.ACTI.1524.ZS,,,,,,,45.445,46.602,47.183,47.604,47.645,48.285,48.572,48.326,47.257,47.008,46.208,45.411,44.7,44.001,44.54,44.869,44.686,44.447,43.545,43.034,42.632,41.507,42.478,42.966,42.925,44.806,44.599,47.399,49.09,48.557,48.878,48.707,49.841
Kazakhstan,KAZ,"Labor force participation rate for ages 15-24, total (%) (modeled ILO estimate)",SL.TLF.ACTI.1524.ZS,,,,,,,51.885,52.456,53.41,54.579,55.181,54.997,54.694,54.713,54.373,53.432,52.109,51.094,50.565,49.482,48.84,48.198,47.557,46.917,47.026,46.27,45.491,45.039,44.427,44.056,44.098,44.148,43.774,43.391,42.947,42.136,42.461,42.243,42.259
Kenya,KEN,"Labor force participation rate for ages 15-24, total (%) (modeled ILO estimate)",SL.TLF.ACTI.1524.ZS,,,,,,,53.896,53.197,52.396,51.577,50.793,50.195,49.744,49.352,48.9,48.675,48.451,48.227,48.002,47.778,47.553,47.328,47.104,46.879,46.654,46.429,46.204,45.979,45.755,45.53,45.306,45.081,44.154,43.206,42.23,41.828,41.649,41.117,41.246
Kyrgyz Republic,KGZ,"Labor force participation rate for ages 15-24, total (%) (modeled ILO estimate)",SL.TLF.ACTI.1524.ZS,,,,,,,53.81,54.938,55.974,57.114,57.395,57.167,56.801,56.778,56.679,56.475,56.253,56.304,55.986,55.662,55.74,55.624,55.177,54.71,54.601,54.719,53.42,48.863,50.139,46.921,46.219,44.954,42.28,44.073,41.683,44.644,44.172,43.636,43.638
Cambodia,KHM,"Labor force participation rate for ages 15-24, total (%) (modeled ILO estimate)",SL.TLF.ACTI.1524.ZS,,,,,,,66.788,66.431,66.387,71.194,70.579,70.31,69.808,69.295,68.776,68.252,67.724,67.189,66.651,66.11,65.567,65.022,64.473,63.922,63.367,62.81,62.25,61.686,61.404,61.117,60.829,60.539,60.248,59.957,59.667,59.101,58.15,57.702,57.634
Kiribati,KIR,"Labor force participation rate for ages 15-24, total (%) (modeled ILO estimate)",SL.TLF.ACTI.1524.ZS,,,,,,,,,,,,,,,,,,,,,,,,,,,,,,,,,,,,,,,
St. Kitts and Nevis,KNA,"Labor force participation rate for ages 15-24, total (%) (modeled ILO estimate)",SL.TLF.ACTI.1524.ZS,,,,,,,,,,,,,,,,,,,,,,,,,,,,,,,,,,,,,,,
"Korea, Rep.",KOR,"Labor force participation rate for ages 15-24, total (%) (modeled ILO estimate)",SL.TLF.ACTI.1524.ZS,,,,,,,37.072,37.194,36.689,37.029,36.753,35.773,34.676,32.073,32.021,30.968,31.939,32.603,32.49,32.998,31.17,28.579,26.187,24.022,22.996,23.126,23.714,24.456,24.658,26.568,28.105,28.252,28.007,27.262,27.552,26.213,27.509,28.856,27.037
Kuwait,KWT,"Labor force participation rate for ages 15-24, total (%) (modeled ILO estimate)",SL.TLF.ACTI.1524.ZS,,,,,,,34.318,33.858,33.807,33.691,33.017,33.259,33.482,33.59,33.596,33.523,33.399,33.25,33.097,32.385,31.661,30.939,30.239,29.566,28.916,28.291,27.699,27.145,26.62,26.18,25.911,25.522,25.955,26.067,26.157,24.176,24.416,24.106,24.427
Latin America & Caribbean (excluding high income),LAC,"Labor force participation rate for ages 15-24, total (%) (modeled ILO estimate)",SL.TLF.ACTI.1524.ZS,,,,,,,55.85323853,55.90067128,56.08963903,55.93804166,56.08156001,54.90737192,55.23291085,55.63279177,55.60754889,54.85187746,54.45686343,54.54158052,54.40706968,54.7160776,55.09460486,54.78516193,54.22452614,53.68486963,53.37563909,52.37181082,51.5739016,51.60772181,50.52932804,49.89112368,49.45754077,49.3865339,49.64583367,49.79437654,50.14609348,45.8775702,48.82360641,48.9231472,48.31091707
Lao PDR,LAO,"Labor force participation rate for ages 15-24, total (%) (modeled ILO estimate)",SL.TLF.ACTI.1524.ZS,,,,,,,65.405,65.094,64.731,64.102,63.573,63.031,62.476,62.234,61.596,61.116,60.629,60.111,59.569,58.991,58.331,57.502,56.797,56.066,55.369,54.545,53.768,52.986,52.199,51.459,50.762,50.096,49.448,48.877,48.397,47.708,47.226,48.348,48.446
Lebanon,LBN,"Labor force participation rate for ages 15-24, total (%) (modeled ILO estimate)",SL.TLF.ACTI.1524.ZS,,,,,,,34.359,33.669,33.234,32.843,32.424,31.797,31.59,31.228,31.103,30.958,30.882,30.903,30.965,30.837,30.815,30.793,30.77,31.439,32.116,32.801,33.493,34.192,34.897,35.61,36.327,37.045,37.762,38.478,39.198,34.308,35.155,35.529,35.642
Liberia,LBR,"Labor force participation rate for ages 15-24, total (%) (modeled ILO estimate)",SL.TLF.ACTI.1524.ZS,,,,,,,61.554,61.051,60.42,59.887,59.744,59.451,59.19,59.02,58.8,58.36,58.568,58.652,58.612,58.569,58.635,58.781,58.905,59.01,59.031,58.9,58.793,58.591,58.284,57.881,57.402,56.941,56.421,55.852,55.252,54.203,54.278,55.249,55.55
Libya,LBY,"Labor force participation rate for ages 15-24, total (%) (modeled ILO estimate)",SL.TLF.ACTI.1524.ZS,,,,,,,21.176,21.06,20.926,20.776,20.614,20.48,20.332,20.169,19.995,19.805,19.633,19.45,19.257,19.059,18.858,18.672,18.496,18.328,18.163,17.996,17.823,17.656,17.502,17.364,17.246,17.117,16.995,16.882,16.777,15.776,15.952,16.781,17.123
St. Lucia,LCA,"Labor force participation rate for ages 15-24, total (%) (modeled ILO estimate)",SL.TLF.ACTI.1524.ZS,,,,,,,61.748,61.357,61.462,61.495,61.52,61.446,61.624,61.33,61.267,61.371,61.694,61.757,61.567,61.197,61.342,61.105,61.164,61.013,61.334,61.343,61.093,61.183,61.358,61.286,61.399,61.203,61.037,62.036,56.25,53.93,57.334,59.257,63.799
Latin America & Caribbean,LCN,"Labor force participation rate for ages 15-24, total (%) (modeled ILO estimate)",SL.TLF.ACTI.1524.ZS,,,,,,,55.04460869,55.08853075,55.27371374,55.11877267,55.24424624,54.16063867,54.4615102,54.77076487,54.66712235,53.92196503,53.52306315,53.49364745,53.31031366,53.64514756,54.00790043,53.67362453,53.10786358,52.6518507,52.27920665,51.25886946,50.49469485,50.46326789,49.41193086,48.75704461,48.27932416,48.12490105,48.28552436,48.37533828,48.53783941,44.34920851,47.11220392,47.25097175,46.73122338
Least developed countries: UN classification,LDC,"Labor force participation rate for ages 15-24, total (%) (modeled ILO estimate)",SL.TLF.ACTI.1524.ZS,,,,,,,56.87018625,56.69821916,56.47001135,56.30994076,56.17055205,56.04531766,55.89215008,55.71291492,55.49307526,55.20307126,54.97407275,54.73252863,54.44112901,54.18514823,53.90362213,53.48169757,52.8898224,52.30828262,51.71300689,51.14484678,50.62569997,50.03344238,49.54197275,48.9463044,48.39746098,47.93687414,47.77109199,47.33692363,46.94648891,46.5057519,46.29404611,46.07828136,46.14328257
Low income,LIC,"Labor force participation rate for ages 15-24, total (%) (modeled ILO estimate)",SL.TLF.ACTI.1524.ZS,,,,,,,56.26190159,56.22628731,56.0100848,55.76691987,55.71694164,55.76224084,55.75631186,55.64701056,55.49948731,55.30968412,55.18936313,55.02915278,54.85106785,54.63785226,54.37755654,53.89981865,53.41147022,52.93397474,52.49106779,52.07242294,51.66349498,51.20005808,50.9602737,50.56801256,50.17356476,49.90495296,49.59501489,49.08915905,48.54600776,47.92093666,47.65451594,47.63029441,47.61873673
Liechtenstein,LIE,"Labor force participation rate for ages 15-24, total (%) (modeled ILO estimate)",SL.TLF.ACTI.1524.ZS,,,,,,,,,,,,,,,,,,,,,,,,,,,,,,,,,,,,,,,
Sri Lanka,LKA,"Labor force participation rate for ages 15-24, total (%) (modeled ILO estimate)",SL.TLF.ACTI.1524.ZS,,,,,,,50.221,47.986,47.298,49.97,43.207,43.921,43.857,49.176,47.374,43.489,42.592,41.701,40.816,39.937,39.064,38.198,37.339,36.487,35.642,34.803,33.747,33.398,32.888,31.346,33.401,32.513,32.774,29.892,30.503,28.911,29.883,30.924,30.994
Lower middle income,LMC,"Labor force participation rate for ages 15-24, total (%) (modeled ILO estimate)",SL.TLF.ACTI.1524.ZS,,,,,,,46.58071045,46.44295914,46.21027428,46.06888492,45.9221014,45.88075617,45.75652516,45.5796812,45.54018489,45.17806458,45.01377083,44.75940362,44.38214151,44.07368741,43.70633437,43.03612795,42.20564493,41.56742945,40.95013119,40.21546728,39.3144281,38.35640731,37.9446069,37.39738843,36.8137197,36.11882687,35.43850442,34.6495952,34.0821667,33.42382847,33.38336262,33.52630159,34.29071456
Low & middle income,LMY,"Labor force participation rate for ages 15-24, total (%) (modeled ILO estimate)",SL.TLF.ACTI.1524.ZS,,,,,,,57.50567942,56.87776177,56.07192608,55.56198486,54.85342567,54.12485917,53.51340939,52.94483537,52.50439667,51.82748192,51.37090266,50.95808386,50.46141615,50.14704084,49.64801456,48.97259784,48.24918595,47.46569179,46.74695142,45.85939205,45.03857237,44.33487408,43.66244022,42.97992575,42.43631145,41.87785866,41.37305365,40.80154508,40.37836575,38.8278782,39.25435988,39.38974868,39.76700037
Lesotho,LSO,"Labor force participation rate for ages 15-24, total (%) (modeled ILO estimate)",SL.TLF.ACTI.1524.ZS,,,,,,,71.5,70.708,69.848,68.904,67.886,67.16,66.394,65.59,64.742,63.421,62.079,60.718,59.341,57.949,56.545,55.131,53.709,52.281,50.849,49.416,47.985,46.556,45.133,44.636,44.056,43.798,43.44,43.051,42.686,42.28,41.8,41.672,41.641
Late-demographic dividend,LTE,"Labor force participation rate for ages 15-24, total (%) (modeled ILO estimate)",SL.TLF.ACTI.1524.ZS,,,,,,,70.56600009,69.86666925,68.84310812,67.83106912,66.75191627,65.34044782,64.09601979,62.92759568,62.14539264,61.0315173,60.41274763,59.68868035,58.81476826,58.2398797,57.69746238,56.76125315,56.02084463,55.49138186,54.90599597,53.81363722,52.94176341,52.19005085,51.49847246,50.77890909,50.23727546,49.58605996,49.06428715,48.50413479,48.19133255,45.13421645,46.27363374,45.97926161,45.77659765
Lithuania,LTU,"Labor force participation rate for ages 15-24, total (%) (modeled ILO estimate)",SL.TLF.ACTI.1524.ZS,,,,,,,49.173,48.422,47.676,46.935,46.197,45.469,44.753,44.052,42.999,37.242,32.968,31.719,32.251,25.707,25.133,26.256,27.027,29.985,29.291,28.414,28.132,29.271,31.491,34.197,33.828,35.361,35.064,36.494,37.333,36.603,36.309,36.306,34.001
Luxembourg,LUX,"Labor force participation rate for ages 15-24, total (%) (modeled ILO estimate)",SL.TLF.ACTI.1524.ZS,,,,,,,53.151,51.376,47.83,46.524,41.237,40.753,37.467,35.401,34.029,34.006,34.478,34.71,30.369,28.023,28.833,28.898,28.962,29.027,32.265,24.733,24.874,26.771,25.889,26.313,35.19,30.71,30.447,33.123,34.614,32.359,35.383,33.42,35.048
Latvia,LVA,"Labor force participation rate for ages 15-24, total (%) (modeled ILO estimate)",SL.TLF.ACTI.1524.ZS,,,,,,,44.149,48.789,49.846,49.478,49.451,49.082,45.741,45.096,42.325,38.445,37.347,37.816,38.81,36.919,37.999,40.85,42.599,42.842,41.223,39.735,37.454,40.128,39.352,40.405,41.268,39.676,39.734,37.704,36.281,34.82,32.702,36.088,34.744
"Macao SAR, China",MAC,"Labor force participation rate for ages 15-24, total (%) (modeled ILO estimate)",SL.TLF.ACTI.1524.ZS,,,,,,,49.065,47.527,47.319,47.093,46.854,46.611,46.368,43.157,42.718,42.307,40.072,37.862,30.631,31.791,35.322,38.125,44.298,46.121,47.942,46.731,47.148,45.17,45.528,44.932,43.327,42.431,43.306,44.237,44.243,42.094,42.84,39.602,39.783
St. Martin (French part),MAF,"Labor force participation rate for ages 15-24, total (%) (modeled ILO estimate)",SL.TLF.ACTI.1524.ZS,,,,,,,,,,,,,,,,,,,,,,,,,,,,,,,,,,,,,,,
Morocco,MAR,"Labor force participation rate for ages 15-24, total (%) (modeled ILO estimate)",SL.TLF.ACTI.1524.ZS,,,,,,,45.012,45.093,45.098,44.363,44.708,43.88,43.946,43.425,43.3,43.118,42.524,41.668,41.21,40.754,40.3,39.847,39.397,38.947,37.602,36.274,34.993,33.503,32.238,32.325,30.373,28.691,28.405,28.168,27.975,26.292,26.787,26.765,26.534
Monaco,MCO,"Labor force participation rate for ages 15-24, total (%) (modeled ILO estimate)",SL.TLF.ACTI.1524.ZS,,,,,,,,,,,,,,,,,,,,,,,,,,,,,,,,,,,,,,,
Moldova,MDA,"Labor force participation rate for ages 15-24, total (%) (modeled ILO estimate)",SL.TLF.ACTI.1524.ZS,,,,,,,35.189,35.552,35.707,35.85,35.823,36.112,36.009,36.356,36.522,36.412,33.299,31.625,27.443,25.234,24.015,31.374,29.384,30.857,34.695,40.816,41.498,41.481,42.529,43.853,47.149,43.58,41.498,36.601,38.743,38.293,38.988,36.915,37.158
Madagascar,MDG,"Labor force participation rate for ages 15-24, total (%) (modeled ILO estimate)",SL.TLF.ACTI.1524.ZS,,,,,,,74.316,74.231,74.113,73.99,73.88,73.933,73.961,73.967,73.939,73.87,73.896,73.835,73.711,73.546,73.348,73.488,73.627,73.765,73.902,74.038,74.173,74.306,74.439,74.57,74.7,74.191,73.716,73.263,72.81,71.863,71.572,71.35,71.426
Maldives,MDV,"Labor force participation rate for ages 15-24, total (%) (modeled ILO estimate)",SL.TLF.ACTI.1524.ZS,,,,,,,39.633,39.068,38.505,37.945,37.389,37.714,38.041,38.369,38.699,39.03,39.336,39.641,39.946,40.25,40.554,40.86,41.169,41.484,41.806,42.924,44.053,45.193,46.345,47.503,48.663,49.825,50.861,51.868,52.849,48.174,48.952,47.239,47.636
Middle East & North Africa,MEA,"Labor force participation rate for ages 15-24, total (%) (modeled ILO estimate)",SL.TLF.ACTI.1524.ZS,,,,,,,37.09778896,37.01369049,36.85987325,36.55683912,36.20075122,35.42251455,35.03211181,34.55878077,35.19258979,34.35396928,33.43225992,33.47238698,33.47216843,33.3474116,33.27683286,32.7569895,31.97758341,31.52904744,31.1379293,30.86827414,29.95857666,29.99808797,29.65412202,29.29064616,28.36051316,28.3972126,27.78546373,26.68101042,26.00250433,24.56189732,25.15267283,25.30364379,25.46681483
Mexico,MEX,"Labor force participation rate for ages 15-24, total (%) (modeled ILO estimate)",SL.TLF.ACTI.1524.ZS,,,,,,,52.473,53.357,54.262,53.884,54.204,53.175,53.393,53.863,52.497,51.617,49.738,47.308,47.183,47.201,48.191,48.816,48.709,48.017,46.969,47.142,46.912,47.236,46.379,45.404,44.758,44.215,43.788,43.774,44.907,39.972,44.233,44.366,44.741
Marshall Islands,MHL,"Labor force participation rate for ages 15-24, total (%) (modeled ILO estimate)",SL.TLF.ACTI.1524.ZS,,,,,,,,,,,,,,,,,,,,,,,,,,,,,,,,,,,,,,,
Middle income,MIC,"Labor force participation rate for ages 15-24, total (%) (modeled ILO estimate)",SL.TLF.ACTI.1524.ZS,,,,,,,57.59960331,56.92793233,56.07679605,55.54547933,54.78243693,53.98794699,53.32350462,52.71281138,52.24307003,51.51986127,51.02985441,50.58981902,50.05878724,49.72919247,49.2010611,48.4969728,47.73674014,46.90692029,46.14265885,45.18519558,44.29564454,43.53908553,42.78994046,42.04415899,41.44967562,40.8192052,40.25412025,39.63925112,39.19877016,37.4786133,37.97764588,38.10345207,38.51281482
North Macedonia,MKD,"Labor force participation rate for ages 15-24, total (%) (modeled ILO estimate)",SL.TLF.ACTI.1524.ZS,,,,,,,44.73,44.436,44.142,43.847,43.554,43.261,42.994,40.881,38.801,37.613,36.609,35.619,35.292,34.314,33.35,35.74,35.98,35.86,34.979,32.358,32.178,33.33,33.239,32.349,33.058,31.496,32.759,31.461,32.046,30.911,28.062,28.413,28.305
Mali,MLI,"Labor force participation rate for ages 15-24, total (%) (modeled ILO estimate)",SL.TLF.ACTI.1524.ZS,,,,,,,57.823,57.87,57.846,57.748,57.576,57.706,57.697,57.604,57.501,57.429,57.555,57.669,57.769,57.849,57.906,58.244,58.498,58.686,58.818,58.889,59.253,59.488,59.614,59.651,59.97,59.403,58.832,56.177,53.462,50.623,50.428,50.349,50.966
Malta,MLT,"Labor force participation rate for ages 15-24, total (%) (modeled ILO estimate)",SL.TLF.ACTI.1524.ZS,,,,,,,64.377,64.001,63.087,62.603,62.553,62.471,61.104,61.268,60.829,59.412,64.351,60.391,60.046,55.411,53.619,53.052,54.089,52.702,51.546,50.936,51.932,51.74,53.528,52.904,51.651,51.799,52.942,55.986,55.914,53.952,47.978,51.368,54.173
Myanmar,MMR,"Labor force participation rate for ages 15-24, total (%) (modeled ILO estimate)",SL.TLF.ACTI.1524.ZS,,,,,,,84.161,83.32,82.817,82.162,81.557,81.003,80.532,80.033,78.985,77.614,76.46,75.203,73.714,72.22,70.69,69.183,67.774,66.554,65.29,64.136,63.5,62.644,61.647,60.698,59.867,55.776,51.603,49.705,46.547,45.289,44.737,44.629,44.824
Middle East & North Africa (excluding high income),MNA,"Labor force participation rate for ages 15-24, total (%) (modeled ILO estimate)",SL.TLF.ACTI.1524.ZS,,,,,,,36.81572437,36.72781953,36.55769988,36.27291993,35.97929825,35.23234088,34.88557477,34.46147865,35.22106747,34.29886635,33.38996301,33.58398895,33.66399783,33.60816271,33.5761196,33.00525203,32.24429174,31.79469039,31.4775696,31.0482323,29.96508036,29.9385269,29.47322511,28.97112909,27.95782282,27.83760373,27.19748296,25.76461403,25.06877808,23.56960504,24.0757866,24.05658893,24.18556208
Montenegro,MNE,"Labor force participation rate for ages 15-24, total (%) (modeled ILO estimate)",SL.TLF.ACTI.1524.ZS,,,,,,,23.883,24.057,24.088,23.862,23.558,23.288,23.101,22.745,23.416,23.196,23.151,23.049,22.906,22.612,22.329,21.743,21.27,20.764,21.22,21.031,20.8,24.089,23.211,29.212,30.171,32.746,31.194,32.831,36.513,30.812,30.86,30.257,31.352
Mongolia,MNG,"Labor force participation rate for ages 15-24, total (%) (modeled ILO estimate)",SL.TLF.ACTI.1524.ZS,,,,,,,40.663,42.009,42.519,42.348,41.672,41.495,41.121,40.818,40.551,40.519,40.275,39.827,39.129,38.459,37.794,37.134,36.479,33.582,31.942,31.8,32.585,32.192,31.801,30.588,29.316,27.882,26.889,28.864,34.85,33.387,28.366,30.401,30.839
Northern Mariana Islands,MNP,"Labor force participation rate for ages 15-24, total (%) (modeled ILO estimate)",SL.TLF.ACTI.1524.ZS,,,,,,,,,,,,,,,,,,,,,,,,,,,,,,,,,,,,,,,
Mozambique,MOZ,"Labor force participation rate for ages 15-24, total (%) (modeled ILO estimate)",SL.TLF.ACTI.1524.ZS,,,,,,,77.307,76.463,75.807,75.272,74.779,74.982,75.078,74.46,73.832,73.194,72.546,71.889,71.222,70.546,69.86,69.166,68.463,67.751,67.031,66.303,65.568,64.824,64.074,63.316,62.552,62.293,61.973,61.608,61.221,60.639,60.539,60.34,60.387
Mauritania,MRT,"Labor force participation rate for ages 15-24, total (%) (modeled ILO estimate)",SL.TLF.ACTI.1524.ZS,,,,,,,29.678,29.588,29.438,29.259,29.055,28.876,28.697,28.494,28.25,27.968,27.666,27.308,26.924,26.552,26.208,25.936,25.676,25.426,25.184,24.95,24.786,24.617,23.776,22.955,22.153,21.372,20.61,20.423,20.221,19.884,19.862,19.628,19.765
Mauritius,MUS,"Labor force participation rate for ages 15-24, total (%) (modeled ILO estimate)",SL.TLF.ACTI.1524.ZS,,,,,,,52.176,51.655,51.328,50.962,50.422,50.22,50.027,49.838,49.649,49.458,46.482,46.192,47.579,45.445,44.133,43.381,40.865,38.634,37.813,39.02,38.547,38.826,39.278,40.073,41.799,40.988,40.702,41.471,39.918,34.721,29.97,32.304,33.836
Malawi,MWI,"Labor force participation rate for ages 15-24, total (%) (modeled ILO estimate)",SL.TLF.ACTI.1524.ZS,,,,,,,66.213,66.279,66.166,66.095,66.223,66.648,67.115,67.586,67.94,68.109,68.463,68.614,68.626,68.61,68.63,67.216,65.771,64.294,62.789,61.258,59.706,58.709,57.704,56.694,55.677,54.656,53.63,54.736,55.742,56.861,56.883,57.443,57.492
Malaysia,MYS,"Labor force participation rate for ages 15-24, total (%) (modeled ILO estimate)",SL.TLF.ACTI.1524.ZS,,,,,,,48.526,47.83,47.02,46.285,45.489,44.683,44.165,45.344,44.939,44.248,44.48,44.146,43.752,43.24,42.877,42.481,42.002,41.75,40.773,40.062,41.486,41.718,42.349,42.293,41.467,41.72,41.862,42.835,45.629,42.728,43.01,44.435,44.263
North America,NAC,"Labor force participation rate for ages 15-24, total (%) (modeled ILO estimate)",SL.TLF.ACTI.1524.ZS,,,,,,,60.94396406,60.82493625,60.60211524,60.90806021,60.74656761,60.03865144,59.94725528,60.10487991,59.94945414,60.30854737,59.27392676,58.42140555,57.07160979,56.68179189,56.29025554,56.19446825,55.23975548,54.77361913,52.99946456,51.52255785,51.36047653,51.20067819,51.36694942,51.36205318,51.34681857,51.44239386,51.71607537,51.46081952,52.13619818,50.2338245,51.75006365,51.85033675,52.31563068
Namibia,NAM,"Labor force participation rate for ages 15-24, total (%) (modeled ILO estimate)",SL.TLF.ACTI.1524.ZS,,,,,,,36.973,36.673,36.328,35.951,34.131,32.357,30.633,30.311,29.991,29.672,29.79,29.908,30.027,30.146,30.265,30.385,30.505,30.626,30.746,30.867,30.989,31.111,34.241,32.65,34.594,36.591,32.803,29.227,29.219,27.858,28.004,27.706,28.126
New Caledonia,NCL,"Labor force participation rate for ages 15-24, total (%) (modeled ILO estimate)",SL.TLF.ACTI.1524.ZS,,,,,,,45.778,46.022,46.287,46.293,45.871,46.155,46.222,46.985,47.179,47.197,47.208,47.135,46.743,46.454,46.196,45.666,45.315,45.431,45.311,44.605,44.214,44.162,44.095,44.036,41.927,39.845,37.8,35.801,33.853,37.721,35.898,35.687,35.831
Niger,NER,"Labor force participation rate for ages 15-24, total (%) (modeled ILO estimate)",SL.TLF.ACTI.1524.ZS,,,,,,,68.252,68.192,68.03,67.807,67.545,67.685,67.755,67.81,67.876,67.956,68.39,68.714,68.976,69.21,69.423,69.896,70.239,70.486,70.651,70.748,70.966,68.144,65.185,62.108,62.014,62.004,61.917,61.77,61.576,60.991,60.976,59.982,60.159
Nigeria,NGA,"Labor force participation rate for ages 15-24, total (%) (modeled ILO estimate)",SL.TLF.ACTI.1524.ZS,,,,,,,32.025,31.865,31.628,31.332,30.994,30.882,30.707,30.495,30.275,30.064,30.117,30.138,30.147,30.148,30.149,30.332,30.463,30.556,30.624,30.672,30.802,28.435,26.179,25.955,25.732,25.509,25.287,25.065,24.843,24.493,24.483,24.387,24.611
Nicaragua,NIC,"Labor force participation rate for ages 15-24, total (%) (modeled ILO estimate)",SL.TLF.ACTI.1524.ZS,,,,,,,48.187,48.28,48.412,48.347,48.149,48.669,49.073,49.48,49.615,49.749,49.884,50.018,50.153,50.288,50.423,50.558,50.694,50.83,50.966,51.103,51.241,51.379,51.518,51.658,51.451,51.258,51.065,51.325,51.599,50.64,50.638,50.463,50.649
Netherlands,NLD,"Labor force participation rate for ages 15-24, total (%) (modeled ILO estimate)",SL.TLF.ACTI.1524.ZS,,,,,,,60.428,61.005,60.553,60.656,62.069,61.171,63.133,66.165,67.757,72.206,73.614,73.968,73.609,72.038,67.351,67.217,69.604,70.341,70.052,68.283,68.114,69.234,69.221,67.369,68.489,68.219,68.369,68.886,70.023,68.755,69.702,69.348,71.408
Norway,NOR,"Labor force participation rate for ages 15-24, total (%) (modeled ILO estimate)",SL.TLF.ACTI.1524.ZS,,,,,,,57.66,56.742,55.482,55.433,54.819,60.852,63.772,65.858,64.789,66.034,66.145,65.525,63.665,62.93,60.314,57.434,58.809,61.974,57.885,56.717,55.62,57.025,57.013,54.401,55.904,54.561,53.743,54.35,55.477,55.602,61.005,64.303,65.122
Nepal,NPL,"Labor force participation rate for ages 15-24, total (%) (modeled ILO estimate)",SL.TLF.ACTI.1524.ZS,,,,,,,33.512,33.492,33.522,33.594,33.699,33.552,33.442,33.364,33.311,33.283,32.957,32.612,32.242,31.846,31.435,31.21,30.903,30.516,30.101,29.704,29.415,29.287,29.261,29.243,29.174,29.379,29.5,29.557,29.578,29.298,29.242,29.561,29.646
Nauru,NRU,"Labor force participation rate for ages 15-24, total (%) (modeled ILO estimate)",SL.TLF.ACTI.1524.ZS,,,,,,,,,,,,,,,,,,,,,,,,,,,,,,,,,,,,,,,
New Zealand,NZL,"Labor force participation rate for ages 15-24, total (%) (modeled ILO estimate)",SL.TLF.ACTI.1524.ZS,,,,,,,67.412,65.55,64.689,66.047,67.126,66.984,66.726,64.983,62.968,62.68,62.978,63.637,62.416,62.193,62.364,64.425,64.515,63.032,61.373,59.864,59.63,59.271,57.89,60.048,61.398,62.368,63.2,63.722,63.533,62.882,64.852,67.514,68.927
OECD members,OED,"Labor force participation rate for ages 15-24, total (%) (modeled ILO estimate)",SL.TLF.ACTI.1524.ZS,,,,,,,53.51378546,52.89869473,52.05277808,51.9833964,51.45722908,50.96745104,50.68219011,50.74784299,50.65460049,50.45550143,49.84224394,49.15922125,48.44708001,48.10376347,48.05564407,47.92208987,47.55207478,47.35637055,46.538415,45.8381082,45.77478149,45.63951612,45.66272288,45.6214964,45.61234948,45.6863934,45.72243481,45.87484803,46.30751257,44.03244767,45.63173738,46.25544193,46.81982498
Oman,OMN,"Labor force participation rate for ages 15-24, total (%) (modeled ILO estimate)",SL.TLF.ACTI.1524.ZS,,,,,,,38.619,38.277,38.013,37.807,37.445,37.335,36.957,36.771,36.724,36.229,35.885,35.976,36.222,36.379,36.744,37.071,37.318,37.461,37.49,38.046,38.888,39.251,39.192,38.996,39.179,39.735,40.059,39.763,39.366,36.276,36.419,36.116,36.742
Other small states,OSS,"Labor force participation rate for ages 15-24, total (%) (modeled ILO estimate)",SL.TLF.ACTI.1524.ZS,,,,,,,45.18993311,44.42975561,43.82608788,43.67665777,42.96270478,42.14351695,41.09399443,40.76842733,40.39240103,39.90848284,39.42383435,38.38021343,39.40904449,39.07502324,38.4276598,38.09357091,37.79074523,37.39453743,36.56220528,35.67836103,35.12153585,34.87757135,34.54975398,34.67592516,35.01028344,34.88559068,34.81675343,34.99911488,34.3387351,32.8260433,32.24880222,32.73898911,32.95534744
Pakistan,PAK,"Labor force participation rate for ages 15-24, total (%) (modeled ILO estimate)",SL.TLF.ACTI.1524.ZS,,,,,,,41.77,41.76,40.31,39.519,39.066,40.128,41.196,40.266,40.398,40.517,41.965,43.426,43.506,43.585,42.971,42.359,41.279,40.743,41.096,41.597,40.265,40.839,41.415,40.072,40.314,40.227,40.139,40.052,39.988,42.104,43.765,43.172,43.162
Panama,PAN,"Labor force participation rate for ages 15-24, total (%) (modeled ILO estimate)",SL.TLF.ACTI.1524.ZS,,,,,,,48.381,50.072,51.764,51.043,50.938,50.702,50.465,50.53,50.67,50.133,49.594,49.055,49.506,49.269,48.917,47.008,47.136,49.755,49.762,47.002,43.38,45.91,46.445,44.685,43.174,43.551,43.626,45.614,46.439,43.48,45.483,45.789,46.011
Peru,PER,"Labor force participation rate for ages 15-24, total (%) (modeled ILO estimate)",SL.TLF.ACTI.1524.ZS,,,,,,,44.896,44.936,46.384,47.831,51.562,52.189,52.808,54.854,56.991,52.041,55.157,57.151,59.122,61.063,62.969,66.02,67.81,68.48,68.641,69.111,67.721,67.252,65.792,64.131,60.652,60.542,62.19,62.05,62.22,55.94,57.789,55.951,54.211
Philippines,PHL,"Labor force participation rate for ages 15-24, total (%) (modeled ILO estimate)",SL.TLF.ACTI.1524.ZS,,,,,,,44.681,44.936,44.972,44.738,44.466,44.056,43.717,44.056,43.954,43.693,43.587,43.4,43.05,43.769,43.379,42.76,41.969,41.469,41.838,41.428,43.137,42.627,41.827,42.557,40.457,39.969,37.099,35.7,34.75,30.132,31.174,33.496,34.079
Palau,PLW,"Labor force participation rate for ages 15-24, total (%) (modeled ILO estimate)",SL.TLF.ACTI.1524.ZS,,,,,,,,,,,,,,,,,,,,,,,,,,,,,,,,,,,,,,,
Papua New Guinea,PNG,"Labor force participation rate for ages 15-24, total (%) (modeled ILO estimate)",SL.TLF.ACTI.1524.ZS,,,,,,,60.692,59.045,56.825,56.297,57.178,56.406,57.396,58.366,58.45,59.193,57.022,54.824,52.606,50.378,48.148,45.925,43.718,41.535,39.384,37.273,37.383,37.134,36.96,35.88,35.442,35.107,34.959,35.185,34.812,34.481,34.005,33.788,33.604
Poland,POL,"Labor force participation rate for ages 15-24, total (%) (modeled ILO estimate)",SL.TLF.ACTI.1524.ZS,,,,,,,45.116,44.873,42.325,41.631,39.803,39.085,36.123,35.402,34.584,37.571,39.838,37.79,36.195,35.188,35.703,34.18,33.007,33.11,33.813,34.555,33.498,33.551,33.262,33.821,32.791,34.491,34.788,35.072,35.176,31.824,31.018,31.078,32.111
Pre-demographic dividend,PRE,"Labor force participation rate for ages 15-24, total (%) (modeled ILO estimate)",SL.TLF.ACTI.1524.ZS,,,,,,,49.68720406,49.55994408,49.32221036,49.09179006,48.85969502,48.74129323,48.54842444,48.30757853,48.06383688,47.83798012,47.75624991,47.66024096,47.51904771,47.40320432,47.245905,47.03250132,46.68858463,46.21929782,45.7077761,45.19309733,44.79229358,43.77080962,42.92379592,42.48063356,42.16880475,41.95116226,41.407883,40.96150384,40.61709502,40.09668862,40.05615967,39.89950551,40.01417572
Puerto Rico,PRI,"Labor force participation rate for ages 15-24, total (%) (modeled ILO estimate)",SL.TLF.ACTI.1524.ZS,,,,,,,30.642,29.502,33.357,32.564,31.78,32.659,34.643,34.909,34.682,32.76,33.191,33.623,34.987,34.645,36.242,32.471,28.874,27.937,26.427,24.969,24.464,24.258,24.055,23.852,23.651,23.654,23.728,23.824,23.894,22.681,23.278,23.022,23.018
"Korea, Dem. People's Rep.",PRK,"Labor force participation rate for ages 15-24, total (%) (modeled ILO estimate)",SL.TLF.ACTI.1524.ZS,,,,,,,62.995,63.928,64.568,64.952,65.554,66.029,66.797,66.991,66.525,66.576,66.311,66.287,66.204,66.094,65.816,65.992,66.172,65.929,66.07,66.168,66.142,66.07,66.022,65.976,66.144,65.824,66.225,66.69,66.707,63.687,64.302,66.975,67.037
Portugal,PRT,"Labor force participation rate for ages 15-24, total (%) (modeled ILO estimate)",SL.TLF.ACTI.1524.ZS,,,,,,,56.591,50.957,47.506,45.238,43.143,42.312,44.159,47.09,46.33,44.79,46.55,47.119,44.85,42.638,42.118,41.648,41.329,40.889,38.7,36.12,38.15,37.08,35,34.3,33.53,33.169,33.979,34.18,34.28,30.159,29.74,31.099,35.462
Paraguay,PRY,"Labor force participation rate for ages 15-24, total (%) (modeled ILO estimate)",SL.TLF.ACTI.1524.ZS,,,,,,,62.332,62.351,62.295,62.229,62.128,62.145,62.099,62.149,62.232,62.337,62.406,62.454,57.655,61.48,58.789,58.974,57.286,58.586,62.656,56.993,56.831,59.008,58.002,56.062,54.055,57.666,56.371,58.546,59.273,56.123,59.404,55.914,56.836
West Bank and Gaza,PSE,"Labor force participation rate for ages 15-24, total (%) (modeled ILO estimate)",SL.TLF.ACTI.1524.ZS,,,,,,,28.915,28.632,28.569,28.499,28.345,28.481,27.995,27.432,27.131,27.633,23.996,21.758,23.969,22.988,23.209,23.51,24.742,25.178,24.957,24.877,26.848,27.949,27.699,28.027,30.886,30.975,31.443,30.502,30.27,26.229,28.837,30.805,
Pacific island small states,PSS,"Labor force participation rate for ages 15-24, total (%) (modeled ILO estimate)",SL.TLF.ACTI.1524.ZS,,,,,,,53.135628,52.75478924,52.7500332,52.44645778,52.18560895,51.94168842,51.60513271,51.20379859,50.85865866,50.80427033,50.68582844,50.50661475,49.99748079,49.49110615,48.98306924,49.00387234,49.06377843,49.11732064,49.38886833,49.56474004,49.7705493,50.00412004,50.12685254,50.34408782,50.95213966,51.31157665,51.23211143,51.36323961,51.69330911,50.66511923,50.70834078,52.71568283,53.1422394
Post-demographic dividend,PST,"Labor force participation rate for ages 15-24, total (%) (modeled ILO estimate)",SL.TLF.ACTI.1524.ZS,,,,,,,52.30807966,51.70385891,51.03655646,50.78722477,50.38313522,49.95334686,49.80060303,49.93785673,49.96529016,50.08169555,49.5700312,49.34183925,48.68129044,48.47035378,48.32187868,48.31775148,47.93620138,47.75375966,46.68191683,45.85023382,45.68202112,45.48679494,45.65600958,45.62421495,45.74352165,45.94833384,46.06164312,46.25698905,46.76212411,45.12608421,46.10057447,47.40900738,48.03607646
French Polynesia,PYF,"Labor force participation rate for ages 15-24, total (%) (modeled ILO estimate)",SL.TLF.ACTI.1524.ZS,,,,,,,42.046,42.173,42.38,42.487,42.638,42.831,42.369,41.908,41.448,40.99,40.534,40.08,39.44,38.805,38.173,37.545,36.921,37.584,38.251,38.923,39.599,40.279,40.289,40.278,40.124,39.913,39.694,39.466,39.251,38.809,38.525,38.362,38.199
Qatar,QAT,"Labor force participation rate for ages 15-24, total (%) (modeled ILO estimate)",SL.TLF.ACTI.1524.ZS,,,,,,,67.38,66.986,66.953,66.504,65.911,64.989,63.339,63.157,63.431,63.451,63.614,63.345,63.115,62.133,64.113,67.048,69.126,71.066,71.69,69.987,69.095,69.487,69.764,70.425,71.164,70.945,70.359,69.518,68.204,66.369,57.56,59.128,60.638
Romania,ROU,"Labor force participation rate for ages 15-24, total (%) (modeled ILO estimate)",SL.TLF.ACTI.1524.ZS,,,,,,,53.742,54.884,54.658,54.107,53.23,49.949,46.162,44.944,42.714,41.324,39.653,37.364,33.941,36.081,31.24,30.559,30.517,30.406,30.925,31.214,30.711,30.54,30.072,29.564,31.275,28.036,29.952,29.504,29.634,29.733,26.831,25.498,24.963
Russian Federation,RUS,"Labor force participation rate for ages 15-24, total (%) (modeled ILO estimate)",SL.TLF.ACTI.1524.ZS,,,,,,,52.064,54.67,52.535,50.857,50.395,47.053,43.204,40.535,45.169,43.643,40.83,40.511,39.179,39.375,39.202,38.889,39.403,41.839,42.103,41.24,41.394,39.574,39.884,38.8,37.926,37.667,35.373,34.133,33.106,32.091,31.56,29.155,27.985
Rwanda,RWA,"Labor force participation rate for ages 15-24, total (%) (modeled ILO estimate)",SL.TLF.ACTI.1524.ZS,,,,,,,57.281,55.317,52.489,49.268,46.462,46.642,47.227,48.329,49.513,50.243,49.811,49.216,48.416,47.588,46.929,46.493,46.202,46.023,45.846,45.59,45.395,45.081,44.7,44.34,44.046,43.612,43.309,42.619,41.847,47.76,38.7,39.892,40.58
South Asia,SAS,"Labor force participation rate for ages 15-24, total (%) (modeled ILO estimate)",SL.TLF.ACTI.1524.ZS,,,,,,,44.02326257,43.86375923,43.61864652,43.52528875,43.48863503,43.68142383,43.86797614,43.92152918,43.98522277,44.01920388,43.79846797,43.58657688,43.22374025,42.86511688,42.42618412,41.48627772,40.45108466,39.48972418,38.65050882,37.84189291,36.66700724,35.7638355,35.40414763,34.74460131,34.26318044,33.60882366,33.23105708,32.56004295,31.92892439,31.53911958,31.65792726,31.92709214,32.87721962
Saudi Arabia,SAU,"Labor force participation rate for ages 15-24, total (%) (modeled ILO estimate)",SL.TLF.ACTI.1524.ZS,,,,,,,30.776,30.441,28.933,27.663,26.345,24.955,23.58,22.223,20.887,21.159,20.479,20.225,20.023,19.789,19.702,19.773,18.131,17.462,16.179,17.294,18.398,18.342,18.708,18.736,17.384,18.69,16.836,18.754,19.842,23.567,24.957,27.457,27.717
Sudan,SDN,"Labor force participation rate for ages 15-24, total (%) (modeled ILO estimate)",SL.TLF.ACTI.1524.ZS,,,,,,,35.13,35.234,35.382,35.586,35.793,35.987,35.628,35.256,34.88,34.505,34.124,33.737,33.34,32.933,32.519,32.108,31.7,31.297,30.902,30.52,30.148,29.743,29.301,28.83,28.34,27.899,27.44,26.969,26.493,26.242,26.201,26.828,26.389
Senegal,SEN,"Labor force participation rate for ages 15-24, total (%) (modeled ILO estimate)",SL.TLF.ACTI.1524.ZS,,,,,,,43.837,43.573,43.25,42.81,42.231,42.041,41.702,41.256,40.768,40.28,39.958,39.606,39.25,38.914,38.617,38.477,37.242,36.022,34.821,33.638,32.475,31.333,30.212,29.115,28.041,33.867,26.253,26.074,30.404,30.113,29.984,29.704,29.535
Singapore,SGP,"Labor force participation rate for ages 15-24, total (%) (modeled ILO estimate)",SL.TLF.ACTI.1524.ZS,,,,,,,47.819,47.231,46.024,45.518,45.315,44.819,44.405,45.428,44.109,43.358,42.609,38.919,39.477,39.111,39.006,38.9,36.64,37.154,35.635,39.208,36.72,37.84,36.243,37.664,40.616,39.47,38.321,38.16,38.251,36.076,38.041,37.751,35.607
Solomon Islands,SLB,"Labor force participation rate for ages 15-24, total (%) (modeled ILO estimate)",SL.TLF.ACTI.1524.ZS,,,,,,,71.602,70.649,70.537,70.011,69.281,69.415,69.817,69.979,70.326,72.225,73.343,73.895,73.532,73.145,72.849,72.606,72.393,72.044,72.02,71.411,70.939,71.019,70.753,70.925,71.057,70.734,70.46,70.325,70.469,69.799,69.253,71.004,71.27
Sierra Leone,SLE,"Labor force participation rate for ages 15-24, total (%) (modeled ILO estimate)",SL.TLF.ACTI.1524.ZS,,,,,,,39.346,39.601,39.71,39.731,39.728,39.849,39.797,39.637,39.514,39.519,39.522,39.412,39.296,42.316,40.867,39.435,38.021,36.628,35.257,33.91,32.588,31.294,30.028,28.791,29.6,30.425,31.266,32.122,31.644,31.344,31.271,31.198,31.188
El Salvador,SLV,"Labor force participation rate for ages 15-24, total (%) (modeled ILO estimate)",SL.TLF.ACTI.1524.ZS,,,,,,,51.488,51.435,52.68,52.225,50.681,48.086,46.622,51.053,49.432,48.192,46.947,45.703,48.746,46.924,47.408,47.915,47.149,46.013,44.834,43.613,43.499,44.036,43.461,42.698,41.994,42.702,43.133,42.736,43.956,41.013,43.296,43.691,43.599
San Marino,SMR,"Labor force participation rate for ages 15-24, total (%) (modeled ILO estimate)",SL.TLF.ACTI.1524.ZS,,,,,,,,,,,,,,,,,,,,,,,,,,,,,,,,,,,,,,,
Somalia,SOM,"Labor force participation rate for ages 15-24, total (%) (modeled ILO estimate)",SL.TLF.ACTI.1524.ZS,,,,,,,14.341,14.514,14.642,14.822,15.091,15.433,15.785,16.141,16.456,16.69,17.023,17.208,17.288,17.318,17.326,17.481,17.624,17.719,17.715,17.598,17.559,17.394,17.15,16.898,16.669,16.465,16.296,16.14,15.968,15.816,15.791,15.977,16.002
Serbia,SRB,"Labor force participation rate for ages 15-24, total (%) (modeled ILO estimate)",SL.TLF.ACTI.1524.ZS,,,,,,,43.216,43.473,43.519,43.191,42.748,42.107,41.359,40.975,41.976,41.327,40.605,39.926,39.43,38.432,37.777,37.147,33.088,32.416,28.779,28.06,28.207,29.368,28.495,28.414,29.172,30.279,30.611,29.978,29.623,28.291,33.7,32.722,31.863
Sub-Saharan Africa (excluding high income),SSA,"Labor force participation rate for ages 15-24, total (%) (modeled ILO estimate)",SL.TLF.ACTI.1524.ZS,,,,,,,53.1829754,52.9936037,52.68240374,52.34554416,52.01438937,51.81640079,51.55916407,51.27358106,50.97416942,50.68398526,50.52978897,50.38109893,50.20755695,50.06091222,49.90943031,49.71505482,49.42813462,49.07395838,48.55974015,47.9277756,47.77059166,46.95434713,46.28623376,45.77757862,45.61054223,45.43799238,44.98680024,44.46672999,44.13997619,43.62431368,43.46209479,43.3774847,43.53340424
South Sudan,SSD,"Labor force participation rate for ages 15-24, total (%) (modeled ILO estimate)",SL.TLF.ACTI.1524.ZS,,,,,,,65.184,65.199,65.067,65.008,65.264,65.426,65.55,65.7,65.801,65.772,65.857,65.745,65.489,65.199,64.958,64.815,64.673,64.509,64.25,63.829,63.672,63.432,63.103,62.713,62.26,61.94,61.598,61.225,60.833,60.256,60.086,60.833,61.199
Sub-Saharan Africa,SSF,"Labor force participation rate for ages 15-24, total (%) (modeled ILO estimate)",SL.TLF.ACTI.1524.ZS,,,,,,,53.1829754,52.9936037,52.68240374,52.34554416,52.01438937,51.81640079,51.55916407,51.27358106,50.97416942,50.68398526,50.52978897,50.38109893,50.20755695,50.06091222,49.90943031,49.71505482,49.42813462,49.07395838,48.55974015,47.9277756,47.77059166,46.95434713,46.28623376,45.77757862,45.61054223,45.43799238,44.98680024,44.46672999,44.13997619,43.62431368,43.46209479,43.3774847,43.53340424
Small states,SST,"Labor force participation rate for ages 15-24, total (%) (modeled ILO estimate)",SL.TLF.ACTI.1524.ZS,,,,,,,47.05754277,46.42230235,45.99748228,45.83985592,45.3021724,44.60394698,43.68973978,43.28807191,42.89155729,42.50290553,42.0855013,41.2533801,41.88757694,41.57624384,41.03427768,40.78474064,40.56603581,40.27606543,39.70690906,39.10768823,38.77607753,38.61766865,38.45438283,38.65928822,38.95167561,38.93784654,38.85515566,39.08746492,38.39373893,36.82501459,36.52026751,37.21400129,37.54184225
Sao Tome and Principe,STP,"Labor force participation rate for ages 15-24, total (%) (modeled ILO estimate)",SL.TLF.ACTI.1524.ZS,,,,,,,43.343,42.858,42.281,41.579,40.75,40.12,39.359,38.552,37.825,37.245,36.876,36.6,36.492,36.53,36.685,36.423,36.201,36.024,35.899,35.802,35.805,35.871,35.925,35.882,35.702,35.389,34.975,34.474,33.923,33.278,33.205,33.922,34.124
Suriname,SUR,"Labor force participation rate for ages 15-24, total (%) (modeled ILO estimate)",SL.TLF.ACTI.1524.ZS,,,,,,,28.36,28.428,28.827,28.748,28.817,27.968,27.151,26.365,25.609,26.238,26.877,27.528,28.191,28.864,29.543,30.23,30.924,31.627,32.337,33.058,33.789,34.529,35.28,36.038,36.804,37.578,37.54,37.301,37.288,34.01,34.43,34.395,34.736
Slovak Republic,SVK,"Labor force participation rate for ages 15-24, total (%) (modeled ILO estimate)",SL.TLF.ACTI.1524.ZS,,,,,,,58.59,55.363,52.09,47.36,46.28,46.62,47.022,45.19,45.45,44.73,44.53,42.769,40.808,39.229,36.578,35.218,34.647,32.394,31.304,30.954,30.078,30.488,30.789,31.66,31.779,32.42,33.179,32.289,29.679,28.138,26.234,26.59,27.557
Slovenia,SVN,"Labor force participation rate for ages 15-24, total (%) (modeled ILO estimate)",SL.TLF.ACTI.1524.ZS,,,,,,,44.017,44.729,44.341,43.631,43.061,42.63,46.063,43.96,40.408,37.294,37.371,36.645,35.231,40.417,40.555,40.634,41.968,42.942,40.958,39.978,37.49,34.453,33.849,33.703,35.414,33.775,39.132,38.573,36.226,31.467,33.858,35.892,36.341
Sweden,SWE,"Labor force participation rate for ages 15-24, total (%) (modeled ILO estimate)",SL.TLF.ACTI.1524.ZS,,,,,,,65.84,60.371,54.91,53.554,53.383,53.212,53.041,52.87,52.699,52.527,52.356,50.504,50.632,48.548,49.892,51.337,52.238,52.844,51.026,51.633,52.98,52.582,54.496,55.445,55.13,54.837,54.702,54.085,55.016,52.053,54.029,56.915,58.681
Eswatini,SWZ,"Labor force participation rate for ages 15-24, total (%) (modeled ILO estimate)",SL.TLF.ACTI.1524.ZS,,,,,,,38.232,37.614,37.031,36.299,35.341,34.685,33.749,32.651,31.572,30.588,29.897,29.408,29.038,28.689,28.318,27.946,27.613,27.32,27.069,26.843,26.619,26.3,25.956,25.675,25.48,24.929,24.567,24.292,23.959,23.555,23.397,23.933,24.043
Sint Maarten (Dutch part),SXM,"Labor force participation rate for ages 15-24, total (%) (modeled ILO estimate)",SL.TLF.ACTI.1524.ZS,,,,,,,,,,,,,,,,,,,,,,,,,,,,,,,,,,,,,,,
Seychelles,SYC,"Labor force participation rate for ages 15-24, total (%) (modeled ILO estimate)",SL.TLF.ACTI.1524.ZS,,,,,,,,,,,,,,,,,,,,,,,,,,,,,,,,,,,,,,,
Syrian Arab Republic,SYR,"Labor force participation rate for ages 15-24, total (%) (modeled ILO estimate)",SL.TLF.ACTI.1524.ZS,,,,,,,45.485,44.662,44.412,44.011,43.737,43.368,43.213,42.759,41.889,41.024,40.897,40.769,40.64,38.529,36.458,34.433,32.951,31.278,29.651,28.674,27.707,26.761,25.778,25.531,25.294,25.098,24.927,24.776,24.634,22.951,23.479,23.485,23.745
Turks and Caicos Islands,TCA,"Labor force participation rate for ages 15-24, total (%) (modeled ILO estimate)",SL.TLF.ACTI.1524.ZS,,,,,,,,,,,,,,,,,,,,,,,,,,,,,,,,,,,,,,,
Chad,TCD,"Labor force participation rate for ages 15-24, total (%) (modeled ILO estimate)",SL.TLF.ACTI.1524.ZS,,,,,,,55.823,56.193,56.487,55.768,55.047,54.325,53.601,52.876,52.148,51.42,50.691,49.961,49.23,48.5,47.77,47.04,46.311,45.585,44.86,44.138,43.418,42.701,41.987,41.277,40.57,39.867,39.169,38.475,38.055,37.693,37.747,39.506,39.684
East Asia & Pacific (IDA & IBRD countries),TEA,"Labor force participation rate for ages 15-24, total (%) (modeled ILO estimate)",SL.TLF.ACTI.1524.ZS,,,,,,,72.24110294,71.36403157,70.2579789,69.66048664,68.60553601,67.54230989,66.25593774,65.13440826,64.15432772,63.09634787,62.50214873,61.56657877,60.61482054,60.06744304,58.93205633,58.16843241,57.56508912,56.63316156,55.73042348,54.60480764,53.83537667,53.21827036,52.38822951,51.58615397,50.91824988,50.06223526,49.1742617,48.66326014,48.2456107,45.52158521,45.90334437,45.90399167,46.13614282
Europe & Central Asia (IDA & IBRD countries),TEC,"Labor force participation rate for ages 15-24, total (%) (modeled ILO estimate)",SL.TLF.ACTI.1524.ZS,,,,,,,48.00286426,48.6396085,47.02539547,47.07797674,46.30714829,44.93479834,42.89272866,41.64251702,42.93528141,41.83823356,40.89392057,40.12794848,38.86690602,38.62156102,38.33382153,37.74169507,37.63043933,38.39489048,38.5679514,38.29117886,38.35151989,37.40336284,37.58524317,37.6813652,37.72441701,37.79804359,37.51647367,37.29824608,37.16762302,34.87256077,35.1265544,35.23406534,34.92839636
Togo,TGO,"Labor force participation rate for ages 15-24, total (%) (modeled ILO estimate)",SL.TLF.ACTI.1524.ZS,,,,,,,30.919,30.779,30.563,30.276,29.983,29.381,28.799,28.258,27.728,27.215,27.1,26.959,26.81,26.695,26.622,26.66,26.692,26.707,26.693,26.636,26.585,26.475,26.307,26.085,25.809,25.521,25.193,24.823,24.417,24.186,24.139,24.379,24.427
Thailand,THA,"Labor force participation rate for ages 15-24, total (%) (modeled ILO estimate)",SL.TLF.ACTI.1524.ZS,,,,,,,66.813,65.825,64.796,63.799,62.214,60.604,59.244,56.718,53.35,53.359,54.176,52.783,51.387,52.21,51.627,48.831,49.449,48.968,48.83,46.731,47.951,47.5,44.134,42.942,42.061,41.579,40.839,41.626,40.405,40.174,39.364,39.144,39.524
Tajikistan,TJK,"Labor force participation rate for ages 15-24, total (%) (modeled ILO estimate)",SL.TLF.ACTI.1524.ZS,,,,,,,26.629,26.625,26.619,26.614,26.61,26.605,26.6,26.593,26.586,26.58,26.576,26.573,26.57,26.6,26.535,26.46,26.365,26.258,26.225,26.251,26.275,26.297,26.317,26.335,26.35,26.364,26.213,26.036,25.856,25.611,25.36,24.888,24.994
Turkmenistan,TKM,"Labor force participation rate for ages 15-24, total (%) (modeled ILO estimate)",SL.TLF.ACTI.1524.ZS,,,,,,,35.55,36.251,36.32,36.774,36.877,36.875,36.868,36.869,36.786,36.718,36.652,36.647,36.597,36.504,36.198,35.869,35.475,34.85,34.587,34.142,33.325,32.666,32.028,31.351,30.964,30.582,30.154,29.733,29.283,27.77,27.776,29.436,29.661
Latin America & the Caribbean (IDA & IBRD countries),TLA,"Labor force participation rate for ages 15-24, total (%) (modeled ILO estimate)",SL.TLF.ACTI.1524.ZS,,,,,,,55.59676233,55.60919407,55.72911414,55.55372265,55.66825732,54.53620613,54.81550416,55.11549421,55.00448915,54.25100688,53.8367419,53.80059355,53.60659873,53.95574521,54.32835275,54.01894036,53.46596051,53.00630677,52.58446313,51.54165642,50.76109759,50.72625059,49.64981727,48.97601799,48.48653118,48.32339797,48.48034386,48.56607565,48.73127427,44.52518009,47.31508725,47.41950088,46.88578462
Timor-Leste,TLS,"Labor force participation rate for ages 15-24, total (%) (modeled ILO estimate)",SL.TLF.ACTI.1524.ZS,,,,,,,42.725,41.88,41.057,40.532,39.987,39.218,39.131,39.762,45.574,44.179,42.536,43.688,44.288,44.56,44.484,45.273,44.298,43.189,42.232,41.34,40.868,40.371,40.331,40.023,39.9,39.73,40.474,40.842,39.006,38.637,38.006,38.357,38.489
Middle East & North Africa (IDA & IBRD countries),TMN,"Labor force participation rate for ages 15-24, total (%) (modeled ILO estimate)",SL.TLF.ACTI.1524.ZS,,,,,,,36.88561361,36.80074761,36.6311346,36.34566275,36.05164224,35.29707621,34.95236039,34.5290173,35.29827979,34.36221282,33.47922288,33.69731788,33.75828299,33.7132946,33.68108002,33.10399094,32.32471458,31.86816345,31.55252143,31.12148829,30.0032202,29.96354194,29.49607042,28.98355055,27.91863601,27.79518711,27.14000511,25.70036097,24.99824719,23.53347391,24.01095002,23.96467258,24.18556208
Tonga,TON,"Labor force participation rate for ages 15-24, total (%) (modeled ILO estimate)",SL.TLF.ACTI.1524.ZS,,,,,,,42.22,41.471,40.726,39.983,39.459,38.938,38.42,37.904,37.391,36.881,36.374,35.87,35.37,34.872,34.379,33.888,33.401,32.918,32.438,31.962,31.49,31.022,30.557,30.097,29.64,29.188,28.739,28.295,28.345,28.076,27.816,28.059,28.282
South Asia (IDA & IBRD),TSA,"Labor force participation rate for ages 15-24, total (%) (modeled ILO estimate)",SL.TLF.ACTI.1524.ZS,,,,,,,44.02326257,43.86375923,43.61864652,43.52528875,43.48863503,43.68142383,43.86797614,43.92152918,43.98522277,44.01920388,43.79846797,43.58657688,43.22374025,42.86511688,42.42618412,41.48627772,40.45108466,39.48972418,38.65050882,37.84189291,36.66700724,35.7638355,35.40414763,34.74460131,34.26318044,33.60882366,33.23105708,32.56004295,31.92892439,31.53911958,31.65792726,31.92709214,32.87721962
Sub-Saharan Africa (IDA & IBRD countries),TSS,"Labor force participation rate for ages 15-24, total (%) (modeled ILO estimate)",SL.TLF.ACTI.1524.ZS,,,,,,,53.1829754,52.9936037,52.68240374,52.34554416,52.01438937,51.81640079,51.55916407,51.27358106,50.97416942,50.68398526,50.52978897,50.38109893,50.20755695,50.06091222,49.90943031,49.71505482,49.42813462,49.07395838,48.55974015,47.9277756,47.77059166,46.95434713,46.28623376,45.77757862,45.61054223,45.43799238,44.98680024,44.46672999,44.13997619,43.62431368,43.46209479,43.3774847,43.53340424
Trinidad and Tobago,TTO,"Labor force participation rate for ages 15-24, total (%) (modeled ILO estimate)",SL.TLF.ACTI.1524.ZS,,,,,,,49.306,48.812,48.88,50.05,51.22,52.062,51.641,51.22,51.15,51.683,50.661,49.648,51.041,52.433,53.823,54.441,53.74,52.13,50.448,46.43,44.9,45.265,45.249,44.288,43.597,41.538,40.565,39.598,38.639,34.766,36.574,36.459,36.576
Tunisia,TUN,"Labor force participation rate for ages 15-24, total (%) (modeled ILO estimate)",SL.TLF.ACTI.1524.ZS,,,,,,,42.789,42.263,42.098,41.854,40.851,39.85,38.853,37.96,37.071,36.189,35.314,34.446,33.586,32.735,31.894,30.641,31.038,30.784,29.626,31.211,32.012,35.185,33.269,31.037,28.889,31.019,30.335,30.14,30.042,27.879,28.098,28.018,28.472
Turkiye,TUR,"Labor force participation rate for ages 15-24, total (%) (modeled ILO estimate)",SL.TLF.ACTI.1524.ZS,,,,,,,55.363,52.993,48.098,51.162,48.617,48.549,47.038,46.012,46.65,42.527,42.114,40.861,38.387,37.767,37.72,36.262,36.484,37.135,37.438,37.37,38.471,37.373,38.823,40.791,41.779,42.338,43.219,43.81,44.281,38.982,41.682,43.846,44.056
Tuvalu,TUV,"Labor force participation rate for ages 15-24, total (%) (modeled ILO estimate)",SL.TLF.ACTI.1524.ZS,,,,,,,,,,,,,,,,,,,,,,,,,,,,,,,,,,,,,,,
Tanzania,TZA,"Labor force participation rate for ages 15-24, total (%) (modeled ILO estimate)",SL.TLF.ACTI.1524.ZS,,,,,,,79.115,79.071,78.978,78.832,78.62,78.59,78.483,78.321,78.152,78.015,77.962,78.306,78.645,78.98,79.311,79.638,78.813,77.964,77.093,76.198,75.278,74.333,73.365,72.373,71.48,70.515,69.538,68.536,67.498,66.097,65.907,65.694,66.054
Uganda,UGA,"Labor force participation rate for ages 15-24, total (%) (modeled ILO estimate)",SL.TLF.ACTI.1524.ZS,,,,,,,55.317,55.24,55.164,55.087,55.01,54.933,54.856,54.779,54.702,54.624,54.547,54.469,54.391,54.314,54.236,54.158,54.081,54.003,53.925,53.847,53.769,53.691,54.078,54.465,54.852,55.238,55.623,54.941,54.187,53.672,53.453,53.117,53.046
Ukraine,UKR,"Labor force participation rate for ages 15-24, total (%) (modeled ILO estimate)",SL.TLF.ACTI.1524.ZS,,,,,,,34.547,34.605,34.662,34.718,34.772,34.826,34.878,34.93,34.981,35.031,35.081,35.129,35.176,35.22,35.263,35.305,35.372,35.441,35.511,35.583,35.656,35.73,35.805,35.88,35.956,36.033,36.11,36.188,36.265,31.937,30.663,,
Upper middle income,UMC,"Labor force participation rate for ages 15-24, total (%) (modeled ILO estimate)",SL.TLF.ACTI.1524.ZS,,,,,,,66.21106633,65.36616589,64.29641145,63.73832868,62.71666674,61.48679845,60.50747242,59.65592461,58.92008147,57.93761823,57.1707362,56.55196642,55.86444744,55.52587826,54.84359016,54.15118344,53.57387879,52.6526427,51.83616148,50.7573181,50.02729804,49.68282856,48.71588497,47.9177559,47.51966624,47.16841331,46.91659252,46.68509148,46.55536654,43.40221439,44.78069686,45.02445645,44.93198739
Uruguay,URY,"Labor force participation rate for ages 15-24, total (%) (modeled ILO estimate)",SL.TLF.ACTI.1524.ZS,,,,,,,53.87,54.24,54.119,57.55,58.379,57.405,58.488,59.56,57.518,57.97,59.526,55.112,52.493,52.683,53.052,53.379,55.015,53.861,54.09,53.604,54.584,53.381,53.335,53.035,50.6,49.432,47.999,47.717,47.479,42.734,44.795,45.086,45.929
United States,USA,"Labor force participation rate for ages 15-24, total (%) (modeled ILO estimate)",SL.TLF.ACTI.1524.ZS,,,,,,,60.137,60.23,60.179,60.577,60.482,59.798,59.782,59.922,59.578,59.88,58.711,57.576,56.005,55.627,55.295,55.151,54.022,53.471,51.718,50.171,49.985,49.912,50.063,50.023,50.01,50.167,50.441,50.204,50.809,49.018,50.491,50.531,51.037
Uzbekistan,UZB,"Labor force participation rate for ages 15-24, total (%) (modeled ILO estimate)",SL.TLF.ACTI.1524.ZS,,,,,,,40.948,41.638,41.842,42.146,42.25,42.255,42.124,42.014,41.88,41.775,41.651,41.532,41.396,41.107,40.829,40.517,40.097,39.688,39.322,39.041,38.73,38.353,37.957,37.584,37.189,36.877,36.671,36.394,36.098,35.567,35.398,35.023,34.964
St. Vincent and the Grenadines,VCT,"Labor force participation rate for ages 15-24, total (%) (modeled ILO estimate)",SL.TLF.ACTI.1524.ZS,,,,,,,57.149,56.917,56.544,56.617,56.187,56.107,55.903,55.666,55.507,55.411,55.314,54.971,54.556,54.329,54.188,53.756,53.555,53.45,53.554,53.734,53.755,53.677,53.578,53.515,53.449,53.36,53.319,53.217,53.208,49.983,50.747,53.222,53.369
"Venezuela, RB",VEN,"Labor force participation rate for ages 15-24, total (%) (modeled ILO estimate)",SL.TLF.ACTI.1524.ZS,,,,,,,50.81,50.783,50.27,49.543,49.399,48.882,48.994,48.571,47.602,47.495,47.324,46.048,44.912,45.934,46.271,45.609,44.459,43.848,42.818,41.607,40.657,39.845,38.577,37.325,36.089,34.872,33.36,31.55,28.377,25.397,26.343,26.125,27.216
British Virgin Islands,VGB,"Labor force participation rate for ages 15-24, total (%) (modeled ILO estimate)",SL.TLF.ACTI.1524.ZS,,,,,,,,,,,,,,,,,,,,,,,,,,,,,,,,,,,,,,,
Virgin Islands (U.S.),VIR,"Labor force participation rate for ages 15-24, total (%) (modeled ILO estimate)",SL.TLF.ACTI.1524.ZS,,,,,,,45.951,45.13,44.451,44.062,43.212,42.879,42.352,41.438,40.644,40.482,40.095,39.745,39.314,39.108,38.788,38.473,38.176,37.579,36.213,35.927,35.124,33.57,33.193,33.356,33.608,33.797,33.684,33.652,33.445,32.839,33.223,33.486,33.797
Viet Nam,VNM,"Labor force participation rate for ages 15-24, total (%) (modeled ILO estimate)",SL.TLF.ACTI.1524.ZS,,,,,,,73.545,72.826,72.152,71.374,70.491,69.602,66.2,63.2,60.202,56.199,60.799,58.702,57.002,56.141,56.067,55.994,55.921,57.715,59.49,58.127,56.333,55.034,57.513,57.576,58.906,56.61,56.47,55.164,57.343,52.836,45.684,43.721,46.485
Vanuatu,VUT,"Labor force participation rate for ages 15-24, total (%) (modeled ILO estimate)",SL.TLF.ACTI.1524.ZS,,,,,,,55.593,55.636,55.905,55.16,55.339,55.314,54.947,55.018,55.203,54.736,55.45,56.421,56.218,56.051,55.718,55.004,54.943,54.556,54.487,54.651,54.602,54.825,55.119,55.083,55.375,55.129,54.681,54.634,54.536,54.018,53.958,55.116,55.318
World,WLD,"Labor force participation rate for ages 15-24, total (%) (modeled ILO estimate)",SL.TLF.ACTI.1524.ZS,,,,,,,56.64594526,56.08995562,55.26978987,54.76494461,54.09253677,53.33970672,52.70190116,52.17520573,51.8859942,51.30941486,50.79889646,50.37691723,49.82581337,49.54377399,49.09674931,48.50640598,47.842156,47.19880258,46.45258561,45.58941941,44.86369053,44.21174363,43.65406875,43.05008426,42.57249244,42.11379763,41.654656,41.17293584,40.82419556,39.26222278,39.73908554,39.91815217,40.29917115
Samoa,WSM,"Labor force participation rate for ages 15-24, total (%) (modeled ILO estimate)",SL.TLF.ACTI.1524.ZS,,,,,,,49.869,50.009,49.626,50.071,49.359,48.568,48.556,48.341,48.126,47.345,46.568,46.107,45.629,45.141,44.71,44.547,43.863,43.822,44.524,44.559,44.151,44.78,44.941,45.03,44.59,43.689,43.612,43.92,43.543,43.129,42.995,43.425,43.516
Kosovo,XKX,"Labor force participation rate for ages 15-24, total (%) (modeled ILO estimate)",SL.TLF.ACTI.1524.ZS,,,,,,,,,,,,,,,,,,,,,,,,,,,,,,,,,,,,,,,
"Yemen, Rep.",YEM,"Labor force participation rate for ages 15-24, total (%) (modeled ILO estimate)",SL.TLF.ACTI.1524.ZS,,,,,,,32.398,32.193,32.268,32.144,32.892,33.66,34.442,35.238,36.048,35.382,34.738,34.117,33.519,32.946,32.394,31.863,31.354,30.867,30.403,29.96,28.631,27.419,26.311,25.294,21.839,22.046,22.206,22.299,22.382,22.145,22.201,22.275,22.275
South Africa,ZAF,"Labor force participation rate for ages 15-24, total (%) (modeled ILO estimate)",SL.TLF.ACTI.1524.ZS,,,,,,,52.011,51.105,50.111,49.003,47.781,46.66,45.494,44.269,42.986,41.663,40.642,39.571,38.503,37.522,36.684,36.077,35.612,35.266,32.695,28.222,29.892,29.412,29.582,28.422,30.692,31.011,31.431,29.61,29.73,26.15,26.5,29.819,31.213
Zambia,ZMB,"Labor force participation rate for ages 15-24, total (%) (modeled ILO estimate)",SL.TLF.ACTI.1524.ZS,,,,,,,39.258,39.161,38.993,38.795,38.596,38.518,38.404,38.267,38.114,37.955,38.187,38.397,38.584,38.745,38.874,39.086,39.209,39.267,39.291,39.289,39.041,38.782,38.484,38.1,37.61,37.089,36.451,35.746,36.656,39.339,38.239,34.957,34.827
Zimbabwe,ZWE,"Labor force participation rate for ages 15-24, total (%) (modeled ILO estimate)",SL.TLF.ACTI.1524.ZS,,,,,,,55.514,54.896,54.083,53.22,52.383,51.842,51.409,51.003,50.511,49.898,49.614,49.291,48.974,48.765,48.712,48.492,48.455,48.565,48.802,49.142,49.431,49.798,50.18,50.506,50.712,50.896,50.791,50.473,50.064,49.529,48.9,48.746,48.996
