Country Name,Country Code,Indicator Name,Indicator Code,1960,1961,1962,1963,1964,1965,1966,1967,1968,1969,1970,1971,1972,1973,1974,1975,1976,1977,1978,1979,1980,1981,1982,1983,1984,1985,1986,1987,1988,1989,1990,1991,1992,1993,1994,1995,1996,1997,1998,1999,2000,2001,2002,2003,2004,2005,2006,2007,2008,2009,2010,2011,2012,2013,2014,2015,2016,2017,2018,2019,2020,2021,2022,2023
Aruba,ABW,Tax revenue (% of GDP),GC.TAX.TOTL.GD.ZS,,,,,,,,,,,,,,,,,,,,,,,,,,,,,,,,,,,,,,,,,,,,,,,,,,,,,,,,,,,,,,,,
Africa Eastern and Southern,AFE,Tax revenue (% of GDP),GC.TAX.TOTL.GD.ZS,,,,,,,,,,,,,,,,,,,,,,,,,,,,,,,,,,,,,,,,17.29104692,,20.56332373,17.4509513,17.3307161,18.37408565,18.83377248,21.0892882,20.92112611,21.65117081,16.97408413,16.90887125,17.50782419,17.65259522,17.74964145,17.89043485,17.13953338,16.75381568,17.19606776,17.27637916,18.0512506,18.06430415,19.3480104,19.67852572,
Afghanistan,AFG,Tax revenue (% of GDP),GC.TAX.TOTL.GD.ZS,,,,,,,,,,,,,,,,,,,,,,,,,,,,,,,,,,,,,,,,,,,,,,,6.967597575,5.283456604,6.08796493,8.481758361,9.169751919,8.916793996,7.707800603,7.12277329,6.882102943,7.585382331,9.502652783,9.898450897,,,,,,
Africa Western and Central,AFW,Tax revenue (% of GDP),GC.TAX.TOTL.GD.ZS,,,,,,,,,,,,,,,,,,,,,,,,,,,,,,,,,,,,,,,,,,,,,,,,,,,,,,,,,,,,,,,,
Angola,AGO,Tax revenue (% of GDP),GC.TAX.TOTL.GD.ZS,,,,,,,,,,,,,,,,,,,,,,,,,,,,,,,,,,,,,,,,16.29397166,28.70338216,29.24667572,15.53281183,17.17158036,18.07457012,17.10911781,23.38516999,21.49916056,25.65014986,18.36107923,16.59994721,16.10341244,14.82271911,14.18476266,13.54263016,11.00201902,9.732512484,9.223777502,9.644778503,10.0903858,,,,
Albania,ALB,Tax revenue (% of GDP),GC.TAX.TOTL.GD.ZS,,,,,,,,,,,,,,,,,,,,,,,,,,,,,,,,,,,,13.6007883,8.861718692,9.904836957,14.5689441,,,,16.48424227,17.19613774,17.96507586,,,,,,,18.02201328,17.48323356,16.50327061,18.30193614,18.51578986,17.59022981,18.88748606,18.27695088,17.93100145,16.89554107,18.09620685,,
Andorra,AND,Tax revenue (% of GDP),GC.TAX.TOTL.GD.ZS,,,,,,,,,,,,,,,,,,,,,,,,,,,,,,,,,,,,,,,,,,,,,,,,,,,,,,,,,,,,,,,,
Arab World,ARB,Tax revenue (% of GDP),GC.TAX.TOTL.GD.ZS,,,,,,,,,,,,,,,,,,,,,,,,,,,,,,,,,,,,,,,,,,,,,,,,,,,,,,,5.171935987,5.33844858,,,,,,,,
United Arab Emirates,ARE,Tax revenue (% of GDP),GC.TAX.TOTL.GD.ZS,,,,,,,,,,,,,,,,,,,,,,,,,,,,,,,,,,,,,,0.992336344,1.075872392,1.122447005,,,,,,,,,,,,0.312357811,0.354309303,0.361091645,0.346301233,0.055841069,0.04205645,0.065621398,0.058638863,0.97223839,0.682088274,0.535243669,0.578507737,
Argentina,ARG,Tax revenue (% of GDP),GC.TAX.TOTL.GD.ZS,,,,,,,,,,,,,,,,,,,,,,,,,,,,,,,4.838513147,5.008236547,5.547922134,8.015138006,8.126437228,8.054357652,8.171787775,8.690086356,9.030526186,9.076124336,9.622603502,9.324898794,9.818958347,12.5187797,13.1007799,13.10317565,12.8788867,12.44826845,13.31784636,12.38304156,12.85304269,12.6636277,12.95284151,12.45290276,12.61096661,12.33650694,12.09728364,10.93962386,9.992390084,10.59439751,10.86589638,11.50006697,11.12286885,
Armenia,ARM,Tax revenue (% of GDP),GC.TAX.TOTL.GD.ZS,,,,,,,,,,,,,,,,,,,,,,,,,,,,,,,,,,,,,,,,,,,,,13.99640565,14.33566341,14.39598656,15.96253173,17.32175873,16.50586323,17.0700514,17.21941905,17.49164208,21.58621388,21.59917455,20.93122083,21.27737528,20.78065336,20.8701039,22.28517099,21.86041928,22.00100474,21.82715524,
American Samoa,ASM,Tax revenue (% of GDP),GC.TAX.TOTL.GD.ZS,,,,,,,,,,,,,,,,,,,,,,,,,,,,,,,,,,,,,,,,,,,,,,,,,,,,,,,,,,,,,,,,
Antigua and Barbuda,ATG,Tax revenue (% of GDP),GC.TAX.TOTL.GD.ZS,,,,,,,,,,,,,,,,,,,,,,,,,,,,,,,,,,,,,,,,,,,,,,,,,,,,,,,,,,,,,,,,
Australia,AUS,Tax revenue (% of GDP),GC.TAX.TOTL.GD.ZS,,,,,,,,,,,,,17.84142947,17.01858617,18.05741928,19.87481756,20.30018357,20.53427577,20.40567681,19.76960582,20.41243853,21.46232607,21.58592062,21.71486796,21.01238693,22.4927071,22.55486344,23.21120524,23.12913224,22.64391224,22.42978184,22.32840234,20.64000189,19.98046053,20.00762938,21.15959391,21.87235925,22.37557597,22.2288032,22.41499372,23.02414158,24.85786017,23.54814488,24.29996962,24.25826506,24.75454972,24.51177239,24.03934536,24.20769581,22.02100614,20.47799546,20.32252448,21.09908592,21.94434163,21.89787868,21.87407068,22.27552213,22.11036864,23.20844496,23.40844001,22.59092489,23.06126793,23.62795125,
Austria,AUT,Tax revenue (% of GDP),GC.TAX.TOTL.GD.ZS,,,,,,,,,,,,,17.959129,18.26850596,18.46968405,18.08174897,17.93257193,18.07007111,18.85138808,18.62306041,18.65105847,19.0243414,18.26194997,18.1034977,19.03864925,18.17497293,18.04300869,17.78976421,18.63579466,17.87576881,18.05178967,18.23861676,18.99488088,19.00991502,18.41771271,24.69684027,26.08277529,26.93257558,27.03748493,26.73084549,26.37319805,28.11239993,27.17291969,26.79960888,26.50625769,25.68786321,25.22855222,25.55122888,26.2486951,25.38112019,25.44035226,25.58984527,26.09720584,26.6387449,26.66058629,26.99756907,25.55798762,25.56529079,25.55278733,25.6759595,24.46739823,25.78763699,26.19154912,
Azerbaijan,AZE,Tax revenue (% of GDP),GC.TAX.TOTL.GD.ZS,,,,,,,,,,,,,,,,,,,,,,,,,,,,,,,,,,,25.55916733,17.95407255,9.85045744,10.69380996,12.679335,12.73345872,,,,,,,,,16.42117537,14.10670899,12.15777699,12.22476095,12.77863937,13.38833316,14.21253565,15.60316293,14.55551657,13.16404551,12.97127179,14.21885265,15.18557251,13.4213203,15.44768972,
Burundi,BDI,Tax revenue (% of GDP),GC.TAX.TOTL.GD.ZS,,,,,,,,,,,,,,,,,,,,,,,,,,,,,,,,15.14266298,15.12278396,14.92891631,15.61605477,16.67820658,13.43899658,11.42036173,13.85429535,13.16564559,,,,,,,,,,,13.85595713,15.53175099,14.49615522,13.48786653,13.69002672,13.12815489,13.86338595,14.36838242,,15.05939438,15.78782277,15.63624548,,
Belgium,BEL,Tax revenue (% of GDP),GC.TAX.TOTL.GD.ZS,,,,,,,,,,,,,,,,,,,,,,,,,,,,,,,,,,,,25.6224194,26.02989167,26.56702432,27.16304179,27.00951188,27.27474136,26.78651211,25.71234509,25.07661801,25.53796126,25.47132993,25.28775048,24.78853753,25.25416988,23.69514823,24.46135143,24.75377919,25.70696784,26.07560813,26.00835691,24.42272428,22.92859825,23.53513881,24.03777391,22.59782094,21.86156404,23.22608924,22.7079147,
Benin,BEN,Tax revenue (% of GDP),GC.TAX.TOTL.GD.ZS,,,,,,,,,,,,,,,,,13.05749474,12.97267119,12.26007922,10.78914255,,,,,,,,,,,,,,,,,,,,,,,,,,,,,,,,,,,,,,,,,,,,
Burkina Faso,BFA,Tax revenue (% of GDP),GC.TAX.TOTL.GD.ZS,,,,,,,,,,,,,,,,,,,,,,,,,,,,,,,,,,,,,,,,,,,9.661383768,9.861311204,11.29101966,10.44973408,10.77840826,11.27918912,10.54887635,11.12763173,11.31006465,12.21949136,13.88996243,14.94864196,13.66382751,13.2802007,14.1391533,15.26072123,15.29241208,15.64060786,13.43158627,15.93884066,17.67305174,
Bangladesh,BGD,Tax revenue (% of GDP),GC.TAX.TOTL.GD.ZS,,,,,,,,,,,,,,,,,,,,,,,,,,,,,,,,,,,,,,,,,,6.611160271,6.691384191,6.965213904,7.046448418,7.135670039,7.043304058,6.917262669,7.656029883,7.498116263,7.834684749,8.685924706,9.02456269,8.962413315,8.635377737,8.498348828,7.316911848,6.997142632,7.731772166,7.638638955,7.001536744,7.64236301,,
Bulgaria,BGR,Tax revenue (% of GDP),GC.TAX.TOTL.GD.ZS,,,,,,,,,,,,,,,,,,,,,,,,,,,,,,,23.83312845,22.33382461,16.90338645,15.21378387,21.23896499,11.15666427,12.06859738,18.5226349,19.37550127,20.03229573,20.45799307,19.78049413,18.14766581,20.11518615,21.02957099,20.88552199,21.81202041,21.7606133,21.97387982,18.58649864,17.87143156,17.88271515,18.38533526,19.68628224,19.56662077,20.07780364,20.33302996,20.52322466,19.93698055,20.55721271,20.17840551,20.58214782,21.72561584,
Bahrain,BHR,Tax revenue (% of GDP),GC.TAX.TOTL.GD.ZS,,,,,,,,,,,,,,,,,,,,,,,,,,,,,,,4.562103993,4.433543613,4.740947817,4.704742759,4.549815884,4.218575809,4.435073079,4.483334723,4.981518453,4.408796623,3.732777721,4.103642909,3.578992892,3.306813188,4.216840666,1.161845629,1.166174892,1.145097962,1.235815584,1.363166786,1.128280939,1.071766976,1.137081472,1.029284683,0.792383936,0.990043144,0.808517154,0.936278227,1.092602424,2.878188719,2.823175478,,,
"Bahamas, The",BHS,Tax revenue (% of GDP),GC.TAX.TOTL.GD.ZS,,,,,,,,,,,,,,,,,,,,,,,,,,,,,,,13.86291851,13.63799997,15.43261499,15.39456662,16.71678429,17.34616506,17.04904406,10.39523969,9.972501983,10.32367804,10.67868759,9.859542693,8.999094713,9.288519057,9.428334156,10.00170798,11.24833165,11.35886589,12.12136614,11.25206873,10.76231493,13.01102086,12.03936947,11.86172232,11.45668428,12.88174117,14.29746961,15.04462143,14.55059529,16.89201149,18.66061102,14.17638159,16.42954833,
Bosnia and Herzegovina,BIH,Tax revenue (% of GDP),GC.TAX.TOTL.GD.ZS,,,,,,,,,,,,,,,,,,,,,,,,,,,,,,,,,,,,,,,,,,,,,,19.88609273,21.68995521,21.39427004,20.3021135,18.94628598,19.6856764,20.30566528,20.47753994,19.75154464,19.77790177,19.70001004,19.71374557,19.98764986,20.14102254,19.82659719,18.75064473,19.0981492,19.09105987,19.11242194
Belarus,BLR,Tax revenue (% of GDP),GC.TAX.TOTL.GD.ZS,,,,,,,,,,,,,,,,,,,,,,,,,,,,,,,,,20.54347826,26.63959391,24.75018266,19.88764693,18.79977481,20.73459095,17.11232894,16.67247619,16.6247345,15.75466424,14.20103832,17.68812191,18.3713469,20.14965628,22.22309662,23.72669873,25.35338921,18.62947063,16.32143837,14.50907256,14.66297503,13.35496285,12.69776707,14.17306451,13.78823561,13.01903023,14.67253298,13.30151601,12.0229072,12.82500496,11.23354562,12.81089418
Belize,BLZ,Tax revenue (% of GDP),GC.TAX.TOTL.GD.ZS,,,,,,,,,,,,,,,,,,,,,,,,,,,,,,,16.15973682,15.42555686,14.83863555,14.51750017,14.9793474,14.19870582,14.72868308,14.72486833,14.60145239,12.74746313,13.02471683,13.90309516,14.46033021,14.5081748,14.8487347,16.09363029,16.66810169,17.32950618,17.07858416,17.80059224,18.88480266,18.3662735,18.43678896,18.49372515,19.86248779,19.70611484,20.63817269,21.34413431,,,,,,
Bermuda,BMU,Tax revenue (% of GDP),GC.TAX.TOTL.GD.ZS,,,,,,,,,,,,,,,,,,,,,,,,,,,,,,,,,,,,,,,,,,,,,,,,,,,,,,,,,,,,,,,,
Bolivia,BOL,Tax revenue (% of GDP),GC.TAX.TOTL.GD.ZS,,,,,,,,,,,,,,,,,,,,,,,,,,8.258114093,8.019954529,7.949052567,7.280551476,7.094743205,7.236224593,7.932729575,8.899788616,9.516345401,10.04546843,9.722329494,12.29385252,12.62034602,13.54652915,12.03978519,12.33080288,11.78254605,13.18410498,12.97300032,15.0163488,16.2151641,16.81616816,16.96486574,,,,,,,,,,,,,,,,
Brazil,BRA,Tax revenue (% of GDP),GC.TAX.TOTL.GD.ZS,,,,,,,,,,,,,,,,,,,,,,,,,,,,,,,,,,,,,,,,,,,,,,,,,,,14.24957596,14.85129878,14.33241109,14.12530574,13.49007452,13.62962937,13.71043098,13.60522852,13.94010799,13.73769484,12.71938786,14.13667513,14.72584792,14.15469334
Barbados,BRB,Tax revenue (% of GDP),GC.TAX.TOTL.GD.ZS,,,,,,,,,,,,,,,,,,,,,,,,,,,,,,,,,,,,,,,,,,,,25.24341798,25.77442299,26.73474277,25.28572444,25.94993899,25.40006711,24.70741403,21.56530728,22.62671563,21.4013748,20.12696972,20.5823002,22.64014144,24.91168012,,,,,,,
Brunei Darussalam,BRN,Tax revenue (% of GDP),GC.TAX.TOTL.GD.ZS,,,,,,,,,,,,,,,,,,,,,,,,,,,,,,,,,,,,,,,,,,,,,,,,,,,,,,,,,,,,,,,,
Bhutan,BTN,Tax revenue (% of GDP),GC.TAX.TOTL.GD.ZS,,,,,,,,,,,,,,,,,,,,,,,5.720364294,6.6349007,7.603581246,6.7287936,7.111992927,,6.224939944,5.411393815,4.600056366,5.152906744,5.271109952,6.488472592,6.194935632,6.898255038,7.852497029,6.793272607,8.311448699,7.362506471,9.548394274,8.188499087,8.880442403,8.935209566,7.341979879,7.943782507,8.598554057,7.162124102,8.037875216,8.773628946,12.19413959,12.4317425,13.58872807,13.30259474,12.50529912,12.14534542,11.88643007,11.8591945,15.80402364,14.49755272,12.28463638,,,
Botswana,BWA,Tax revenue (% of GDP),GC.TAX.TOTL.GD.ZS,,,,,,,,,,,,,,,,,,,,,,,,,,,,,,,27.50161294,25.55719349,27.84554007,23.68479922,19.91674392,16.76579585,14.93710789,,,,,,,,,,27.52644024,26.61745627,27.92089988,27.68681402,23.88336421,24.04532616,28.03657766,26.74039063,27.09282997,26.31109885,21.63005532,23.93349631,21.74049457,21.098551,22.27464622,22.22951402,19.648748,
Central African Republic,CAF,Tax revenue (% of GDP),GC.TAX.TOTL.GD.ZS,,,,,,,,,,,,,,,,,,,,,,,,,,,,,,,,,,,,,,,,,,,,,6.211979957,,,,8.28435089,7.908503384,8.407892197,7.540403624,8.172377281,,4.098500696,5.448991385,6.807588937,7.081244249,8.63983072,8.318458045,8.709644827,8.206292297,,
Canada,CAN,Tax revenue (% of GDP),GC.TAX.TOTL.GD.ZS,,,,,,,,,,,,,,,,,,,,,,,,,,,,,,,14.11212924,14.3976756,14.3088598,13.65233583,13.07369452,13.28706226,13.87849283,14.56772835,14.66839759,14.69992073,14.85774318,14.18147981,13.37762747,13.22893471,13.34474787,13.29949289,13.34822067,13.33443201,12.3901656,12.30438595,11.7328093,11.80392128,11.66442736,11.6235046,11.80837908,12.38981091,12.49656263,12.61201668,13.05768467,12.7416889,13.50333209,13.2198943,12.82601965,14.00758608
Central Europe and the Baltics,CEB,Tax revenue (% of GDP),GC.TAX.TOTL.GD.ZS,,,,,,,,,,,,,,,,,,,,,,,,,,,,,,,,,,,20.21895195,20.25579745,19.52001243,19.47809762,19.34969034,18.58701839,18.06289539,17.29759026,17.45209904,17.74105241,17.32504929,17.54234105,17.83271076,18.292461,18.20790057,16.77201437,16.91961315,17.11617861,17.1254982,17.28214824,17.27997364,17.64689568,17.68048842,17.66384409,17.56174819,17.66355386,17.52024636,18.11765269,17.86222102,
Switzerland,CHE,Tax revenue (% of GDP),GC.TAX.TOTL.GD.ZS,,,,,,,,,,,,,6.79436718,6.468733456,6.623875027,6.696349437,7.685615008,7.380171372,7.556425044,7.126461968,7.292197958,7.307528859,7.600636453,7.635406112,7.792768898,7.672089448,8.309256436,7.966643698,8.338601845,7.824865533,7.953722156,7.760840096,7.919358447,7.339651466,7.85574636,7.915461486,8.338045068,8.323929212,9.261956959,8.918886532,10.03234542,8.97063263,8.955704272,8.977577186,9.020393897,9.126160728,9.194038065,9.06562377,9.587141895,9.348527987,9.364008039,9.321952188,9.169074742,9.256214099,9.087339532,9.556179017,9.404603141,10.06163529,9.691023945,9.907169187,9.34487115,10.09367726,9.10068229,
Channel Islands,CHI,Tax revenue (% of GDP),GC.TAX.TOTL.GD.ZS,,,,,,,,,,,,,,,,,,,,,,,,,,,,,,,,,,,,,,,,,,,,,,,,,,,,,,,,,,,,,,,,
Chile,CHL,Tax revenue (% of GDP),GC.TAX.TOTL.GD.ZS,,,,,,,,,,,,,16.22327115,17.4205001,16.33795193,20.6011544,18.39775425,18.75577342,18.68081482,17.9453589,19.04662355,20.12058615,19.75349856,18.84345471,20.0281873,18.13121158,17.97950397,16.80831626,14.37403174,13.94036449,13.30738435,15.22796307,15.74288974,16.31458996,15.62474421,15.10075395,16.06054266,15.78110096,15.77128965,15.09495708,16.07240363,15.91312577,16.07306762,15.76882727,16.42394506,18.12088991,19.61201733,20.37902854,18.70926556,14.60586057,17.47100627,18.936096,18.99105955,17.4587729,17.04450121,17.54608293,17.46896441,17.50579468,18.3955245,17.71885277,16.19616933,19.66440473,21.27361513,
China,CHN,Tax revenue (% of GDP),GC.TAX.TOTL.GD.ZS,,,,,,,,,,,,,,,,,,,,,,,,,,,,,,,,,,,,,,,,,,,,,,8.569243858,9.057253983,9.771406065,10.10142653,10.30944174,10.21204861,10.31279489,10.25676868,9.907732583,9.678618827,9.376920447,9.122915561,9.419317653,9.052685732,8.49286377,8.090626216,7.965128046,7.700873217,
Cote d'Ivoire,CIV,Tax revenue (% of GDP),GC.TAX.TOTL.GD.ZS,,,,,,,,,,,,,,,,,,,,,,,,,,,,,,,18.01090743,,,,,18.81907459,,,,,,9.536225945,10.05484621,9.656894506,10.01288858,9.872439118,10.32991608,10.66575675,10.74426681,10.50126584,10.21376211,7.571481261,10.61935158,10.63592924,10.11725755,11.1757328,11.46037091,11.75637069,11.66599275,11.6654955,11.78668823,12.38941272,11.94466231,
Cameroon,CMR,Tax revenue (% of GDP),GC.TAX.TOTL.GD.ZS,,,,,,,,,,,,,,,,,,,,,,,,,,,,,,,9.76735862,8.905155245,9.753700886,6.550075788,5.898419523,7.183668971,,,9.694599136,9.707018079,,,,,,,,,,,,,11.3444056,11.52211698,12.28534381,12.11096959,11.65203139,11.87594119,12.34694571,12.02827276,10.87058281,11.34151572,,
"Congo, Dem. Rep.",COD,Tax revenue (% of GDP),GC.TAX.TOTL.GD.ZS,,,,,,,,,,,,,,,,,,,,,,,,,,,,,,,9.290676114,4.389080412,2.733890784,3.407601665,2.651177969,4.931615769,4.760047119,4.053750051,5.349763314,3.459796738,0.779702331,2.752459063,4.235473727,4.040197901,5.276738972,5.920611298,6.828222392,6.992189786,8.96688351,7.892170866,8.350447756,,8.857086338,9.043560325,8.63671685,9.102711981,7.952347,6.59070535,7.295148854,6.377289874,6.429882098,8.399034388,11.41102259,
"Congo, Rep.",COG,Tax revenue (% of GDP),GC.TAX.TOTL.GD.ZS,,,,,,,,,,,,,,,,,,,,,,,,,,,,,,,,,,,,,,,,,,9.070936874,8.142904651,8.647504676,7.813594406,5.688120435,5.29500882,6.027573817,5.896624548,8.22388189,6.902938646,8.11448977,7.278246336,8.624360765,9.580921156,12.19514442,13.08946423,10.13526308,6.828452318,7.101549382,8.324484886,6.509088258,,
Colombia,COL,Tax revenue (% of GDP),GC.TAX.TOTL.GD.ZS,,,,,,,,,,,,,,,,,,,,,,,,,,,,,,,,,,,,,,,13.74373215,13.47692128,11.21975419,,,11.25882686,,,,,13.03151101,12.67522738,12.1421652,14.57588119,13.22699071,14.02211435,15.69974837,15.79726266,14.38521293,14.85081841,14.60984245,14.90052462,14.04523856,14.4463231,15.27787993,
Comoros,COM,Tax revenue (% of GDP),GC.TAX.TOTL.GD.ZS,,,,,,,,,,,,,,,,,,,,,,,,,,,,,,,,,,,,,,,,,,,,,,,,,,,,,,,,,,,,,,,,
Cabo Verde,CPV,Tax revenue (% of GDP),GC.TAX.TOTL.GD.ZS,,,,,,,,,,,,,,,,,,,,,,,,,,,,,,,,,,,,,,,,,,,,,,21.0767999,22.74176634,19.17576553,19.41944637,16.88359364,16.82243285,17.98708302,16.28108273,16.27035546,15.5325589,17.13559678,16.72527813,17.80363837,18.93160634,18.22403324,18.38570329,,,
Costa Rica,CRI,Tax revenue (% of GDP),GC.TAX.TOTL.GD.ZS,,,,,,,,,,,,,11.44136907,12.49704782,13.620164,12.43707088,12.1882799,12.3050282,12.65156228,11.8839706,11.61681397,12.38120078,12.65574835,15.21876982,14.71680728,13.27305302,13.25739833,14.43415782,14.70223261,13.70475078,13.05733465,10.58635151,11.97654825,12.03526931,11.58078693,12.24503796,12.64281524,12.61316492,12.82386493,13.13375816,12.83971283,13.3610338,13.3681089,13.58495161,13.3589275,13.63539699,13.84166374,14.85647016,15.23250991,13.18307199,12.95254206,13.20898687,13.10529607,13.41682475,13.04558896,13.25399422,13.51085434,13.24410255,13.18214869,13.37420761,12.27671604,13.99919228,14.35419411,
Caribbean small states,CSS,Tax revenue (% of GDP),GC.TAX.TOTL.GD.ZS,,,,,,,,,,,,,,,,,,,,,,,,,,,,,,,,,,,,,,,,,,,,,,,,,,,,,,,,,,,,,,,,
Cuba,CUB,Tax revenue (% of GDP),GC.TAX.TOTL.GD.ZS,,,,,,,,,,,,,,,,,,,,,,,,,,,,,,,,,,,,,,,,,,,,,,,,,,,,,,,,,,,,,,,,
Curacao,CUW,Tax revenue (% of GDP),GC.TAX.TOTL.GD.ZS,,,,,,,,,,,,,,,,,,,,,,,,,,,,,,,,,,,,,,,,,,,,,,,,,,,,,,,,,,,,,,,,
Cayman Islands,CYM,Tax revenue (% of GDP),GC.TAX.TOTL.GD.ZS,,,,,,,,,,,,,,,,,,,,,,,,,,,,,,,,,,,,,,,,,,,,,,,,,,,,,,,,,,,,,,,,
Cyprus,CYP,Tax revenue (% of GDP),GC.TAX.TOTL.GD.ZS,,,,,,,,,,,,,,,,13.38910416,12.12039578,13.23091413,13.5794674,14.19974579,14.78758357,13.79337865,14.24138954,15.40599949,16.13204632,16.55646917,16.70123085,16.33131155,17.38664219,18.35703743,30.80590284,29.01243177,30.86814909,33.24434306,35.54473205,31.49812609,30.48483102,29.24652124,31.29494916,32.20188648,35.53315811,36.38575473,36.61749764,37.61497999,37.29678335,39.58566106,41.53932284,48.56349657,46.04617042,23.24923773,23.05416331,23.1497766,23.33476889,23.5211675,24.71572201,24.04738747,23.51605801,23.8198834,23.83344798,23.0773629,21.94368211,22.5524972,23.33427081,
Czechia,CZE,Tax revenue (% of GDP),GC.TAX.TOTL.GD.ZS,,,,,,,,,,,,,,,,,,,,,,,,,,,,,,,,,,18.61660216,16.53522569,16.1241883,15.20214544,14.99790912,14.28605679,14.77632841,14.39409093,14.67065961,14.49221399,14.93425978,15.36370664,14.47194809,14.22476356,14.62269251,13.69102756,13.60054036,13.51508771,14.40314698,14.82192296,14.98638406,14.32344196,14.68562902,14.77064978,14.80677862,14.65729131,14.5245717,14.07311681,12.9358385,12.64198839,
Germany,DEU,Tax revenue (% of GDP),GC.TAX.TOTL.GD.ZS,,,,,,,,,,,,,10.74473725,10.87953474,10.4369869,10.00821006,10.13320859,10.45257002,10.45495529,10.34198839,10.2450315,10.02002594,9.758673113,9.714810318,10.15365763,10.15975787,9.901606254,10.04782153,9.780639994,10.21330279,9.796391993,11.5872607,11.70005088,11.41839371,11.62403021,11.44400057,10.86126436,10.69647922,10.79270735,11.41014038,11.59194425,10.84690257,10.7123003,10.85500332,10.28752224,10.48544315,10.66779876,11.14380345,11.28096908,11.38616441,10.96932028,11.25470829,11.3944179,11.385006,11.26046423,11.25749842,11.07921817,11.19990033,11.23766806,11.21438352,10.4109728,11.02250534,11.01086283,
Djibouti,DJI,Tax revenue (% of GDP),GC.TAX.TOTL.GD.ZS,,,,,,,,,,,,,,,,,,,,,,,,,,,,,,,,,,,,,,,,,,,,,,,,,,,,,,,,,,,,,,,,
Dominica,DMA,Tax revenue (% of GDP),GC.TAX.TOTL.GD.ZS,,,,,,,,,,,,,,,,,,,,,,,,,,,,,,,,,,,,,,,,,,,,,,,,,,,,,,,,,,,,,,,,
Denmark,DNK,Tax revenue (% of GDP),GC.TAX.TOTL.GD.ZS,,,,,,,,,,,,,29.00948072,28.93349015,29.13802715,26.75502087,26.5288296,27.11027051,28.15556526,28.59254952,28.65327022,28.23845178,27.24741204,27.95106935,29.12684451,30.60349438,32.8665236,32.28985716,32.44939231,31.42378246,29.73096071,29.13863754,29.47620421,30.86625853,31.58950446,31.68796284,31.90552917,31.80132088,32.06743615,31.94047439,31.61625248,30.15070139,30.09140882,30.09590782,31.2160718,32.98660914,31.80394225,35.00645224,33.26916421,33.042117,32.70165891,32.72376631,33.48287174,33.71704394,36.51695006,34.02438122,33.3946817,33.4512942,32.37567778,34.9447031,34.44690369,34.95649562,30.42280785,
Dominican Republic,DOM,Tax revenue (% of GDP),GC.TAX.TOTL.GD.ZS,,,,,,,,,,,,,13.8522693,13.43824633,14.42048057,16.08135141,13.26331773,12.53733296,11.35096316,11.03149778,10.30718945,9.712615556,7.978324503,8.457150294,9.022770398,9.69124559,11.28189554,11.2446214,11.70088735,12.3845918,10.29678928,7.590817698,10.87033538,11.15446274,10.53415802,10.57462484,10.34434253,11.40878793,11.43166966,11.52929548,12.16441366,13.38050699,13.21672761,11.74514298,12.52188432,13.69816112,13.99475989,14.88626837,14.16105352,12.63590935,12.20740113,12.29762551,13.02648297,13.50353563,13.38644704,12.81184796,12.91086855,13.03075106,13.02493499,13.3027786,12.3898799,14.37741321,13.82027444,
Algeria,DZA,Tax revenue (% of GDP),GC.TAX.TOTL.GD.ZS,,,,,,,,,,,,,,,,,,,,,,,,,,,,,,,,,,,,,,,,,,,,,,,,,,,,,,,,,,,,,,,,
East Asia & Pacific (excluding high income),EAP,Tax revenue (% of GDP),GC.TAX.TOTL.GD.ZS,,,,,,,,,,,,,,,,,,,,,,,,,,,,,,,,,,,,,,,,,,,,,,9.05655437,9.558376355,10.17574301,10.6911526,10.6418836,10.52772089,10.74765171,10.69291238,10.46209785,10.20541326,9.927094223,9.648245055,9.844610992,9.5454839,9.059520728,8.576496017,8.534754012,8.502038348,
Early-demographic dividend,EAR,Tax revenue (% of GDP),GC.TAX.TOTL.GD.ZS,,,,,,,,,,,,,,,,12.57381839,12.90280817,13.43426227,13.65543417,13.92609327,,14.12398441,,13.84037192,13.15214963,13.54231705,12.96526297,12.86312632,12.38544538,12.66571014,12.21748721,11.96964106,12.37155844,11.41301577,11.89838794,11.7847998,12.05568471,12.83041708,11.58013147,11.48814053,,,,,,,,,13.04933828,12.20935027,11.90879638,11.93512421,12.03746323,12.24870505,12.01091134,12.49671926,12.5939062,12.39653288,12.95964577,,,,12.0864871,
East Asia & Pacific,EAS,Tax revenue (% of GDP),GC.TAX.TOTL.GD.ZS,,,,,,,,,,,,,,,,,,,,,,,,,,,,,,,,,,,,,,,,,,,,,,11.25715804,11.69678435,12.24297312,12.56610045,12.22044316,11.94255365,12.14678293,12.20814675,12.05121343,11.81079702,11.56648245,11.45312553,11.65539039,11.59348009,11.20759711,10.69665122,10.88781959,11.06054673,
Europe & Central Asia (excluding high income),ECA,Tax revenue (% of GDP),GC.TAX.TOTL.GD.ZS,,,,,,,,,,,,,,,,,,,,,,,,,,,,,,,,,,,,,14.89398816,16.65878504,13.48454321,,,,,,,,,,18.0453656,17.80074378,17.75124565,17.75509949,16.90086316,17.40275856,16.99810792,16.9425708,16.91280958,16.46048057,16.53910444,15.9703561,16.23274761,16.37324806,15.54304521,
Europe & Central Asia,ECS,Tax revenue (% of GDP),GC.TAX.TOTL.GD.ZS,,,,,,,,,,,,,16.1797134,15.55772546,15.97500612,15.80051012,16.42449064,16.49516639,16.37210913,16.24685307,16.89420376,17.11091148,17.49120554,17.4093198,17.37253969,17.63304462,17.95704053,17.85720649,17.83779757,17.80849198,18.18760475,18.77428431,18.66926182,18.33739785,18.65955602,19.2944207,19.42186256,19.84095651,20.12225467,19.86234281,20.1662749,19.85643236,19.35322515,19.14839555,19.11848805,19.74554291,20.03217556,20.19527031,19.97560553,18.9518354,19.23726071,19.44589288,19.0643928,19.27706571,19.26335135,19.00322526,18.90789862,19.10542819,19.26470449,19.17921324,18.85565526,19.50773444,19.59902453,
Ecuador,ECU,Tax revenue (% of GDP),GC.TAX.TOTL.GD.ZS,,,,,,,,,,,,,,,,,,,,,,,,,,,,,,,,,,,,,,,,,,,,,,,,,,,,,,14.12323391,14.02067573,16.38905349,14.54177065,13.68930431,14.29254843,13.40088971,12.94143473,12.70551775,13.03834428,
"Egypt, Arab Rep.",EGY,Tax revenue (% of GDP),GC.TAX.TOTL.GD.ZS,,,,,,,,,,,,,,,,20.52161459,17.33138442,25.5179722,23.07109664,21.28519787,,26.24429969,21.6957606,21.08270677,18.44620253,17.25469169,16.31972789,14.57087379,14.34902597,13.83896104,13.2348643,14.73777778,18.48023005,18.76417526,19.04742857,17.62303922,17.46294682,15.96464836,,,,,13.4077593,13.34994012,13.83597775,14.0686351,15.82951271,15.34985231,15.32052485,15.66136058,14.13007625,14.0086354,12.38490476,13.49806493,12.22014085,12.5192111,,,,,,,,
Euro area,EMU,Tax revenue (% of GDP),GC.TAX.TOTL.GD.ZS,,,,,,,,,,,,,13.9923879,14.19734348,14.28541241,13.8757435,14.56279862,14.70449608,14.86188983,14.9487794,15.36657461,15.3829891,15.57474048,15.98021893,16.07703356,16.19747899,16.70864964,16.8462884,16.97583367,17.15482576,17.08971758,17.89336449,18.00043358,17.85959518,17.79847894,18.57491821,18.74316976,19.15576047,19.50894967,19.95288632,19.75524537,19.35185098,18.95454508,18.73007863,18.45106038,18.59857901,18.971412,19.07947323,18.94289027,18.39438763,18.58214548,18.68342559,18.4261356,18.88290461,18.918637,18.82310613,18.74566412,18.92355042,19.07569223,19.11663308,18.76787632,19.12184242,19.27580652,
Eritrea,ERI,Tax revenue (% of GDP),GC.TAX.TOTL.GD.ZS,,,,,,,,,,,,,,,,,,,,,,,,,,,,,,,,,,,,,,,,,,,,,,,,,,,,,,,,,,,,,,,,
Spain,ESP,Tax revenue (% of GDP),GC.TAX.TOTL.GD.ZS,,,,,,,,,,,,,8.965207446,9.327517677,8.586955193,8.768412348,9.028238433,8.906770679,9.506285953,9.677070691,9.677110173,9.975208217,9.234241713,10.64604646,10.59719916,12.59417953,14.44032522,15.57668027,15.40796727,16.73991009,15.7220377,15.78825013,16.03291471,14.89264397,15.11756774,,,,,,,,,,,,,,,,,,11.70774274,13.54572506,14.04900529,14.08180574,13.68383933,13.62664356,14.12698098,13.65874086,13.44669832,14.87817631,15.50222076,
Estonia,EST,Tax revenue (% of GDP),GC.TAX.TOTL.GD.ZS,,,,,,,,,,,,,,,,,,,,,,,,,,,,,,,,1.123562901,0.799069086,0.986007161,1.295840858,22.83901737,21.84909116,21.96718917,22.1073474,20.92459032,19.68616147,19.23470511,19.62860403,19.82401846,20.22819089,19.09665573,19.95599051,20.22196707,19.30107139,21.5199785,19.82306597,19.1696178,19.76467718,19.90155,20.42406845,21.24917632,21.34187548,20.52626079,20.55784464,20.76396782,20.39822337,21.43873521,20.75888505,
Ethiopia,ETH,Tax revenue (% of GDP),GC.TAX.TOTL.GD.ZS,,,,,,,,,,,,,,,,,,,,,,,,,,,,,,,8.428884348,7.269236842,5.464440208,5.767995635,7.491337921,8.224320204,8.734556382,10.2666069,10.98798899,10.61984791,,8.083871673,9.709831679,9.116895507,9.680762203,8.724416385,8.262845855,7.812529666,7.814144254,6.581181381,8.16344108,9.209358617,9.377594715,8.764725377,8.811955393,8.351338267,8.087065533,7.603929229,7.519920423,6.661739148,6.196300573,5.324726235,4.49688526,3.931422738
European Union,EUU,Tax revenue (% of GDP),GC.TAX.TOTL.GD.ZS,,,,,,,,,,,,,,14.73994548,14.804348,14.33342328,15.09345068,15.26731913,15.36799699,15.39405242,15.76138085,15.8117186,15.92882581,16.36080481,16.49591438,16.70715818,17.23001598,17.44462819,17.5653787,17.64688252,17.83136482,18.42302837,18.38106687,18.18482209,18.25082782,19.3565473,19.47138058,19.81859435,20.19125063,20.52434946,20.30304056,19.77750706,19.40191214,19.24461037,19.01392008,19.25292264,19.5717835,19.79546427,19.595306,18.99311656,19.17536362,19.24620915,18.97689303,19.38714474,19.48044727,19.38411882,19.33400636,19.49449506,19.58368005,19.65438849,19.31187363,19.69287615,19.70067826,
Fragile and conflict affected situations,FCS,Tax revenue (% of GDP),GC.TAX.TOTL.GD.ZS,,,,,,,,,,,,,,,,,,,,,,,,,,,,,,,,,,,,,,,,,,,,,,,,,,,,,,,,,,,,,,,,
Finland,FIN,Tax revenue (% of GDP),GC.TAX.TOTL.GD.ZS,,,,,,,,,,,,,21.76358096,22.00175983,21.34637756,22.1574909,24.69986805,24.21834637,22.41668061,21.18587704,21.45620247,22.53111057,22.16801138,22.3450781,22.74606222,23.48593825,23.9809213,22.67334445,24.19363666,24.65258657,24.41723931,24.43546309,24.88283103,22.44496463,23.13488514,20.72236781,21.93337713,22.6246795,22.71757272,22.39218839,24.25028962,21.89222269,22.47440043,22.06322422,21.81478005,21.7956348,21.42472854,21.06661535,20.49234761,18.88408947,18.60088123,20.05261693,20.20181856,20.72708689,20.73595492,20.58689198,20.98721937,20.88106237,20.96418792,20.78459487,20.00575328,20.82978244,21.20026754,
Fiji,FJI,Tax revenue (% of GDP),GC.TAX.TOTL.GD.ZS,,,,,,,,,,,,,,,,,,,,,,,,,,,,,,,22.75707071,21.87169442,21.59256686,21.40218038,21.4900303,22.20614241,21.20782003,,,,,,,,22.3492148,21.5360119,23.38627925,19.20966984,22.71362931,21.74935566,21.82256442,22.91709332,22.89257614,23.47566275,22.64375599,23.61570554,23.53462359,24.66994208,23.99335343,22.89284886,19.45223514,15.87420988,,
France,FRA,Tax revenue (% of GDP),GC.TAX.TOTL.GD.ZS,,,,,,,,,,,,,18.84877016,17.98614106,19.03680052,17.92306199,19.03584768,18.39968778,18.43857831,19.00924169,19.47967028,19.57000982,19.82821424,19.67306824,19.77799962,19.86396377,19.82744644,20.03908991,19.36487154,19.06349035,18.9060036,19.07322928,18.62353606,18.50201707,19.19648766,19.53489299,20.47228422,21.15170309,23.1224044,23.73117404,23.47234064,23.49864964,22.70297778,22.23073134,22.26633368,22.34428727,22.60386232,22.16173447,22.03156111,20.70764932,21.94401403,21.77653773,22.53632128,23.17629446,23.11874206,23.1664227,23.08869822,23.68667884,24.25235722,24.56937461,24.65461191,23.90612217,24.46860872,
Faroe Islands,FRO,Tax revenue (% of GDP),GC.TAX.TOTL.GD.ZS,,,,,,,,,,,,,,,,,,,,,,,,,,,,,,,,,,,,,,,,,,,,,,,,,,,,,,,,,,,,,,,,
"Micronesia, Fed. Sts.",FSM,Tax revenue (% of GDP),GC.TAX.TOTL.GD.ZS,,,,,,,,,,,,,,,,,,,,,,,,,,,,,,,,,,,,,,,,,,,,,,,,,4.288016383,4.396016049,4.661135884,4.964073105,4.891801556,5.466541557,12.54406661,5.418243679,6.137696308,10.63015125,25.83468444,19.91372183,7.048216398,,,
Gabon,GAB,Tax revenue (% of GDP),GC.TAX.TOTL.GD.ZS,,,,,,,,,,,,,,,,,,,,,,,,,,,,,,,,,,,,,,,,,,,,,,,,,,,,,14.06052433,16.05883561,15.10522888,12.83006855,11.46806371,11.0849703,10.21533638,11.47952824,12.42677785,9.490325545,,
United Kingdom,GBR,Tax revenue (% of GDP),GC.TAX.TOTL.GD.ZS,,,,,,,,,,,,,23.01848532,21.07158307,23.74607351,24.26560756,23.80069525,23.32577445,22.15422207,21.90377871,23.87606593,24.6394262,25.86613933,24.6485305,24.7776311,25.13357342,24.50068363,23.15879508,22.99074992,22.76227158,24.1512946,24.84713704,24.28031599,22.98109177,23.79709499,23.23157382,23.06501259,23.73713165,25.02511264,25.48166879,26.0891645,25.74225549,24.96158007,24.55540421,25.15232827,25.48813261,25.77039451,25.99471591,26.45808233,24.17274771,25.27339789,25.83493224,25.10306556,25.13634238,24.88051097,25.06664663,25.45503842,25.5968599,25.54671645,25.11127296,24.78542762,26.4149383,27.17314723,27.31886314
Georgia,GEO,Tax revenue (% of GDP),GC.TAX.TOTL.GD.ZS,,,,,,,,,,,,,,,,,,,,,,,,,,,,,,,,,,,,5.41484296,7.876437896,10.6237239,10.01573047,11.19127842,11.40143304,11.80467486,11.62151288,10.9223386,15.10234826,16.54260858,18.57011291,20.95528958,24.22450445,23.5093962,21.11065962,22.66140465,23.08850414,22.06259867,22.05314923,22.34774806,23.04243154,23.0135462,22.04786882,22.89727708,21.1807829,21.47289375,22.90227834,
Ghana,GHA,Tax revenue (% of GDP),GC.TAX.TOTL.GD.ZS,,,,,,,,,,,,,,,,,,,,,,,,,,,,,,,11.43679869,13.15959562,10.76865718,13.14924718,,,,,,,,17.19292789,17.49311121,18.47768613,21.75210552,21.32150832,12.53461853,13.87798455,13.89596791,12.61246152,13.3883874,14.86579036,15.36818101,10.6718365,11.25218598,11.69056321,11.05832919,11.57703128,12.24424151,11.99699591,11.34043196,12.24468673,12.29753581,
Gibraltar,GIB,Tax revenue (% of GDP),GC.TAX.TOTL.GD.ZS,,,,,,,,,,,,,,,,,,,,,,,,,,,,,,,,,,,,,,,,,,,,,,,,,,,,,,,,,,,,,,,,
Guinea,GIN,Tax revenue (% of GDP),GC.TAX.TOTL.GD.ZS,,,,,,,,,,,,,,,,,,,,,,,,,,,,,,7.825414616,8.302415538,7.369674423,7.43568715,,,,,,,,,,,,,,,,,,,,,,,,,,,,,,,
"Gambia, The",GMB,Tax revenue (% of GDP),GC.TAX.TOTL.GD.ZS,,,,,,,,,,,,,,,,,,,,,,,,,,,,,,,18.20477998,,,,,,,,,,,,,,,,,,,,,,,,,,,,,,,,,
Guinea-Bissau,GNB,Tax revenue (% of GDP),GC.TAX.TOTL.GD.ZS,,,,,,,,,,,,,,,,,,,,,,,,,,,,,,,,,,,,,,,,,,,,,,,,,,,,,,,,,,9.481533963,,8.574614468,,,,
Equatorial Guinea,GNQ,Tax revenue (% of GDP),GC.TAX.TOTL.GD.ZS,,,,,,,,,,,,,,,,,,,,,,,,,,,,,,,,,,,,,,,,,,,,,,,9.668882886,7.546688154,7.786359889,12.76309665,7.586159224,7.015790113,8.742219053,8.516349943,8.298900808,11.45673493,6.384406989,5.981846872,6.168908909,9.301943614,8.011290134,5.395099126,6.595986826,
Greece,GRC,Tax revenue (% of GDP),GC.TAX.TOTL.GD.ZS,,,,,,,,,,,,,13.08466754,12.65972069,12.81463806,12.88210947,14.29862217,14.16187849,14.48782359,14.09205256,13.96540454,12.49663628,15.14551941,15.81785082,14.16720416,14.00693206,15.81250986,16.58614279,15.31058152,13.18366022,15.33456931,,,,,18.84291512,19.07531928,20.13971172,21.23611254,22.28603069,23.30987591,21.61304652,21.87697043,20.2520438,19.62201146,20.79288237,20.31135254,20.5440647,20.48921081,20.04672123,20.43467912,22.45927139,24.95438871,24.73080469,25.39872318,25.39591076,27.0349617,26.74281917,27.10839198,25.93243597,24.99171569,25.57773596,27.64197411,
Grenada,GRD,Tax revenue (% of GDP),GC.TAX.TOTL.GD.ZS,,,,,,,,,,,,,,,,,,,,,,,,,,,,,,,,,,,,,,,,,,,,,,,,,,,,,,,,,,,,,,,,
Greenland,GRL,Tax revenue (% of GDP),GC.TAX.TOTL.GD.ZS,,,,,,,,,,,,,,,,,,,,,,,,,,,,,,,,,,,,,,,,,,,,,,,,,,,,,,,,,,,,,,,,
Guatemala,GTM,Tax revenue (% of GDP),GC.TAX.TOTL.GD.ZS,,,,,,,,,,,,,,,,,,,,,,,,,,,,,,,6.86521167,7.325686438,8.313948701,7.81982717,6.765227236,7.714731243,8.529663739,8.697669273,9.371933975,10.24715093,10.06497645,11.03867221,12.07359616,11.85839594,11.74284983,11.38438352,12.05105635,12.25524129,11.45903031,10.50468557,10.60502184,11.01784354,11.00955226,11.10229389,10.77781592,10.35825157,10.42151488,10.63557397,10.56094993,10.43539133,9.955089967,11.555779,11.82020351,
Guam,GUM,Tax revenue (% of GDP),GC.TAX.TOTL.GD.ZS,,,,,,,,,,,,,,,,,,,,,,,,,,,,,,,,,,,,,,,,,,,,,,,,,,,,,,,,,,,,,,,,
Guyana,GUY,Tax revenue (% of GDP),GC.TAX.TOTL.GD.ZS,,,,,,,,,,,,,,,,,,,,,,,,,,,,,,,,,,,,,,,,,,,,,,,,,,,,,,,,,,,,,,,,
High income,HIC,Tax revenue (% of GDP),GC.TAX.TOTL.GD.ZS,,,,,,,,,,,,,14.12273571,13.7738275,14.26508403,13.93350398,14.06095541,14.47278513,14.37887604,14.57296418,14.9680033,15.2981867,15.18819606,14.48017941,14.3801283,14.58940308,14.59545483,14.91632891,14.74202242,14.68107477,14.67964183,14.58704255,14.24265679,14.19959855,14.80422084,15.29932032,15.57378573,15.82104974,16.23994202,16.20941829,16.85946265,16.32117664,15.13815398,14.87123545,14.89384462,15.66319006,16.08502551,16.17388616,15.64430749,14.0112656,14.15823413,14.55537284,14.66266247,15.03266395,15.20322562,15.21424521,15.08541915,15.47615215,15.08346107,15.01037431,14.95317836,15.81880624,16.25209384,
"Hong Kong SAR, China",HKG,Tax revenue (% of GDP),GC.TAX.TOTL.GD.ZS,,,,,,,,,,,,,,,,,,,,,,,,,,,,,,,,,,,,,,,,,,,,,,,,,,,,,,,,,,,,,,,,
Honduras,HND,Tax revenue (% of GDP),GC.TAX.TOTL.GD.ZS,,,,,,,,,,,,,10.67247887,10.82739785,11.12131464,11.08540925,11.6617215,13.09374103,7.900577115,8.137050097,8.813908611,8.643894327,,,,,,,,,,,,,,,,,,,,,,13.74646578,14.49585933,14.53495396,15.23835608,16.38500055,16.13051598,14.16197019,14.4250984,14.78797879,14.74747232,15.06324191,16.54263824,17.34447206,,,,,15.06613155,,,
Heavily indebted poor countries (HIPC),HPC,Tax revenue (% of GDP),GC.TAX.TOTL.GD.ZS,,,,,,,,,,,,,,,,,,,,,,,,,,,,,,,,,,,,,,,,,,,,,,,,,,,10.07967316,,11.09297357,10.81024895,11.17318893,11.33359219,11.13174599,11.66676861,11.70420561,,11.55151274,,,
Croatia,HRV,Tax revenue (% of GDP),GC.TAX.TOTL.GD.ZS,,,,,,,,,,,,,,,,,,,,,,,,,,,,,,,,14.4957109,19.21370069,20.97973102,26.16244268,23.4907443,23.12048656,22.28413151,24.24148207,23.38891087,22.78519817,21.87851311,22.22209445,21.67049602,20.88295457,20.88501292,21.45318582,21.48582345,21.26805008,20.2751684,20.26971202,19.64280013,20.12800573,20.59687138,20.38099902,21.41364828,21.90213454,22.060767,21.80739185,21.97301939,20.87391385,21.07085031,21.64715902,
Haiti,HTI,Tax revenue (% of GDP),GC.TAX.TOTL.GD.ZS,,,,,,,,,,,,,,,,,,,,,,,,,,,,,,,,,,,,,,,,,,,,,,,,,,,,,,,,,,,,,,,,
Hungary,HUN,Tax revenue (% of GDP),GC.TAX.TOTL.GD.ZS,,,,,,,,,,,,,,,,,,,,,,35.24853396,34.0342287,36.753539,34.67277478,29.95494766,34.2420764,34.25985652,33.6308559,28.93201382,28.12490547,25.54953021,24.07442467,25.01049013,24.1947854,23.16720532,22.91607843,20.93471548,20.76523789,21.80216516,22.37846265,21.39965711,20.8930507,20.66161384,20.36267165,19.89944574,19.80970211,21.38212963,23.25921477,23.2942656,22.58762595,21.0415078,22.86779799,22.86798623,23.01842233,23.23512801,23.06745669,22.88129752,22.5345388,22.36405626,22.85602069,21.48315359,23.4281197,
IBRD only,IBD,Tax revenue (% of GDP),GC.TAX.TOTL.GD.ZS,,,,,,,,,,,,,,,,,,,,,,,,,,,,,,,,,,,,,,,,,,,,,,11.13434094,11.7071268,12.22496477,12.40334792,11.7917605,12.14700647,12.43141711,12.31259054,12.18116078,11.83890685,11.67744577,11.47947735,11.59864311,11.60256187,11.19768033,10.89550488,11.18060951,10.73197736,
IDA & IBRD total,IBT,Tax revenue (% of GDP),GC.TAX.TOTL.GD.ZS,,,,,,,,,,,,,,,,,,,,,,,,,,,,,,,,,,,,,,,,,,,,,,11.10005309,11.65483363,12.15917587,12.34847634,11.7274208,12.09231799,12.38371654,12.26807784,12.13017198,11.82134008,11.67239268,11.46689222,11.57444776,11.58297263,11.20587605,10.90305116,11.18059315,10.76408766,
IDA total,IDA,Tax revenue (% of GDP),GC.TAX.TOTL.GD.ZS,,,,,,,,,,,,,,,,,,,,,,,,,,,,,,,,,,,,,,,,,,,,,,,,,,,,,,,,,,,,,,,,
IDA blend,IDB,Tax revenue (% of GDP),GC.TAX.TOTL.GD.ZS,,,,,,,,,,,,,,,,,,,,,,,,,,,,,,,,,,,,,,,,,,,,,,,,,,,,,,,,,,,,,,,,
Indonesia,IDN,Tax revenue (% of GDP),GC.TAX.TOTL.GD.ZS,,,,,,,,,,,,,12.44522349,13.81526342,15.9693687,16.55526992,17.89004765,17.72159889,17.89325596,20.28389965,21.77983836,21.94643419,20.05614379,18.82286533,17.48438914,18.75089737,14.62076982,15.0836946,15.08393805,15.95720183,19.13708376,17.18969691,17.1229527,14.35642033,15.94841919,14.96477227,14.23480194,16.01184841,15.02758818,16.31583561,,11.57818458,11.82695959,12.38553206,12.3307679,,,,13.31061783,11.05778652,10.53748506,11.15812785,11.38058994,11.28530146,10.83552375,10.75348778,10.3363487,9.87729308,10.23014302,9.751961808,8.310105242,9.094009979,11.6048417,
IDA only,IDX,Tax revenue (% of GDP),GC.TAX.TOTL.GD.ZS,,,,,,,,,,,,,,,,,,,,,,,,,,,,,,,,,,,,,,,,,,,,,,,,,,9.703942599,9.863459978,10.17588096,10.26350512,10.17248467,10.4135766,10.6657651,10.35607322,10.59640021,10.56557093,10.91980356,10.44955224,10.67542985,,
Isle of Man,IMN,Tax revenue (% of GDP),GC.TAX.TOTL.GD.ZS,,,,,,,,,,,,,,,,,,,,,,,,,,,,,,,,,,,,,,,,,,,,,,,,,,,,,,,,,,,,,,,,
India,IND,Tax revenue (% of GDP),GC.TAX.TOTL.GD.ZS,,,,,,,,,,,,,,,8.181120885,9.024502908,9.181837991,8.597094206,9.30227453,9.689048923,9.026071739,9.213690315,9.269121352,9.268497406,9.306539864,10.07541854,10.42730886,10.40830997,10.35673801,10.46834451,9.993591396,10.17092242,9.805228442,8.53523362,8.981772016,9.226824691,9.231468691,9.008577733,8.113143511,8.638300028,8.810143496,8.079454445,8.676273931,9.108084322,9.570817081,10.08093153,11.12933705,12.10834699,10.97717215,9.809725406,10.38803979,10.1773872,10.83677172,11.00162569,9.984654191,10.56970905,11.14773842,11.38744398,12.01742775,,,,6.719656056,
Not classified,INX,Tax revenue (% of GDP),GC.TAX.TOTL.GD.ZS,,,,,,,,,,,,,,,,,,,,,,,,,,,,,,,,,,,,,,,,,,,,,,,,,,,,,,,,,,,,,,,,
Ireland,IRL,Tax revenue (% of GDP),GC.TAX.TOTL.GD.ZS,,,,,,,,,,,,,21.85998942,22.16929601,21.99726478,21.29561857,23.66494353,22.53302959,22.10937176,21.96423999,24.22688222,25.31422791,26.38442194,27.53525706,28.11945002,27.20557818,27.3535413,27.44805009,28.75125823,25.82915368,25.35991919,25.62922566,25.93238599,25.84053316,27.05650385,26.52658918,27.21103748,26.87358515,26.49432841,26.65105997,26.34994041,24.20823815,23.51684578,24.16073918,25.06972308,25.45714024,26.81881277,25.93716835,23.81094122,22.06237618,21.83289692,21.64641693,22.30656444,22.44218984,22.46044268,18.11123059,18.63085827,17.61287233,17.64041147,17.35666999,15.90519831,16.5930206,16.785703,
"Iran, Islamic Rep.",IRN,Tax revenue (% of GDP),GC.TAX.TOTL.GD.ZS,,,,,,,,,,,,,8.265513269,7.547810911,5.417790964,8.194078453,7.562058504,8.216323008,8.870858569,5.993374742,5.170284876,6.9790356,5.922931727,6.03398097,6.437096596,7.329809638,6.784250891,6.005338425,5.434552423,5.369750444,5.572236546,6.161890812,6.881180646,3.860245992,4.371236116,6.220798678,7.94631514,10.1579621,8.644376054,8.327823337,5.861282096,5.746903558,4.994377712,5.20132535,5.195323352,6.657593715,6.217681409,5.937687689,6.197809288,7.358478041,,,,,,,,,,,,,,
Iraq,IRQ,Tax revenue (% of GDP),GC.TAX.TOTL.GD.ZS,,,,,,,,,,,,,,,,,,,,,,,,,,,,,,,,,,,,,,,,,,,,,,,,,,,,,,,0.914773293,1.321196149,2.077805236,2.687030207,1.984007163,1.344593618,,,,
Iceland,ISL,Tax revenue (% of GDP),GC.TAX.TOTL.GD.ZS,,,,,,,,,,,,,22.8181417,22.8736844,23.77127281,22.88233219,21.77024549,20.74879635,21.14889515,21.89795822,21.21163947,22.55161853,22.95069194,20.5732603,20.94470805,20.1044476,20.30388989,20.69383402,22.30586447,23.44165487,23.50750725,22.8569209,23.1609552,22.50635057,22.25478828,22.51334735,23.44783663,21.99690358,23.95537868,25.86039431,25.10557259,22.76406737,22.59271182,23.67708233,24.76632097,27.24299312,26.89713758,25.95849178,22.79777458,19.93353865,20.22643799,20.58217743,21.50330708,21.6567855,24.49195998,22.68944412,37.61284979,23.9232132,22.97836107,21.93201342,22.40161375,21.39009804,22.46848163,23.43609825
Israel,ISR,Tax revenue (% of GDP),GC.TAX.TOTL.GD.ZS,,,,,,,,,,,,,24.4403136,23.14351088,29.16701344,28.959946,32.17608917,33.47117174,31.62746856,35.97833161,34.18869699,32.7553794,37.14640437,37.12886473,35.66453575,33.50335843,32.5809697,29.99064925,28.31937589,26.55869297,25.5862996,19.17444432,25.40567616,25.74628485,26.20040938,25.77282364,25.21956886,25.61074892,24.7511587,24.71246648,26.3491571,25.90641574,24.9050618,24.13584899,24.05526294,24.56239552,25.30598815,25.29837902,23.27977638,21.34132143,22.03413078,22.25175014,21.65976216,22.56572953,22.8722554,23.11980164,23.1243833,24.310828,22.78888691,22.27101688,21.98719736,24.55599565,25.01130736,
Italy,ITA,Tax revenue (% of GDP),GC.TAX.TOTL.GD.ZS,,,,,,,,,,,,,,12.52174638,13.46713171,12.68458824,14.04102276,14.87515646,15.58605917,15.74356411,17.32831327,17.74344441,19.34370905,21.07975197,20.90764658,20.34920793,22.12539605,21.44291706,23.18696467,23.89260586,24.12213306,24.75147617,25.43917309,26.2145187,25.03629968,24.30700856,24.24720738,25.71127383,24.59253693,24.94213195,23.7479315,23.32550908,22.80250203,22.68723569,22.1390625,21.8796535,23.22048291,23.66261139,23.40394233,23.64026213,23.58306807,23.52479138,24.81636183,25.00695909,24.71252771,24.62168524,24.93693458,24.57189567,24.1515597,24.4756458,24.6295251,24.76885575,24.49652235,
Jamaica,JAM,Tax revenue (% of GDP),GC.TAX.TOTL.GD.ZS,,,,,,,,,,,,,,,,,,,,,,,,,,,,,23.47813362,24.4940968,23.48648503,23.08286448,23.4680682,21.3287135,21.10316755,21.74404001,20.10919957,19.91409421,20.85185729,21.89223451,22.49466254,21.41481302,21.85901019,24.07110007,24.16749731,23.21597284,24.01438994,24.78654643,24.68475662,24.9559702,24.27817173,23.3643683,24.33289303,24.0092922,24.05323043,24.81530926,26.02668425,26.22100376,26.78106657,27.45394175,25.7094657,,,
Jordan,JOR,Tax revenue (% of GDP),GC.TAX.TOTL.GD.ZS,,,,,,,,,,,,,,,,,,,,,,,,,,,,,,,18.00659158,17.94996619,22.97224684,20.91622902,19.99082,20.7086347,21.68967343,19.05572966,18.12346251,18.10878632,18.99811626,18.68048462,17.48160141,18.21793684,20.99550234,24.41516537,24.55486445,24.68985187,17.15221065,16.53035158,15.49909081,14.60823722,14.92128052,14.930515,15.43164403,14.95102562,15.02063044,14.70212424,14.72884805,14.81400157,15.98110204,,17.4675168,
Japan,JPN,Tax revenue (% of GDP),GC.TAX.TOTL.GD.ZS,,,,,,,,,,,,,,,,,,,,,,,,,,,,,,,,12.90406209,11.41718165,11.37923694,,,,,,,,,,,,,,,,,,,,,,,,,,,,,,
Kazakhstan,KAZ,Tax revenue (% of GDP),GC.TAX.TOTL.GD.ZS,,,,,,,,,,,,,,,,,,,,,,,,,,,,,,,,,,,,,,6.787220587,7.294793896,7.745369934,10.22139507,9.642300653,12.13435978,13.08323765,13.90867797,,,,,,15.71238046,18.25783421,13.31209815,16.03017776,14.19343274,9.835711552,9.924250197,10.30301138,11.71779959,11.78694274,8.318809314,9.447111363,12.06169211,11.85617216
Kenya,KEN,Tax revenue (% of GDP),GC.TAX.TOTL.GD.ZS,,,,,,,,,,,,,,,,,,,,,,,,,,,,,,,,,,,,,,,,,,,,,,,,,,,,,,,15.18702127,14.83948265,14.96647273,15.05246413,14.36127892,15.10010935,14.29982263,13.55464432,14.59934963,13.99311977
Kyrgyz Republic,KGZ,Tax revenue (% of GDP),GC.TAX.TOTL.GD.ZS,,,,,,,,,,,,,,,,,,,,,,,,,,,,,,,,,,,,,,,,,,,,,,,,,,,,,,,17.54865309,16.80166806,16.94917318,17.04628506,17.99885701,15.96383387,14.03632819,16.49126028,19.54197945,21.28116652
Cambodia,KHM,Tax revenue (% of GDP),GC.TAX.TOTL.GD.ZS,,,,,,,,,,,,,,,,,,,,,,,,,,,,,,,,,,,,,,,,,,,7.778541231,6.957652695,7.364681064,7.029501432,7.125010827,8.271641244,8.97517319,8.026520166,8.143934511,8.125935343,8.737433282,9.286384255,11.08378845,10.88849293,11.17487652,11.92783662,12.64107231,14.57064596,13.29020846,11.99276989,,
Kiribati,KIR,Tax revenue (% of GDP),GC.TAX.TOTL.GD.ZS,,,,,,,,,,,,,,,,,,,,,,,,,,,,,,,,,,,,,,,,,,,,,,,,,,,,16.34639112,16.83340464,16.55291909,15.91910371,19.73063793,21.52440124,18.45946547,17.91328135,22.29898826,21.31084174,21.53511479,20.19502599,18.3135702
St. Kitts and Nevis,KNA,Tax revenue (% of GDP),GC.TAX.TOTL.GD.ZS,,,,,,,,,,,,,,,,,,,,,,,,,,,,,,,14.3862939,14.58536258,14.52345626,15.19785435,15.24600655,,,,,,16.52834435,15.73033708,21.02503834,21.50396882,21.25475841,20.66181333,20.85004224,21.63213001,20.03660336,18.86893894,16.31176643,18.07517171,17.92183548,17.8401562,18.47317851,19.63513252,18.35411141,17.41267906,,,15.04238265,,,
"Korea, Rep.",KOR,Tax revenue (% of GDP),GC.TAX.TOTL.GD.ZS,,,,,,,,,,,,,11.15354875,10.47527726,11.57495256,13.21180621,14.46161075,14.13362998,14.55405593,14.74586681,14.66327335,14.65276687,14.6962815,14.80168214,13.89466773,13.49942187,13.23871835,13.45628269,13.37445811,12.83580757,13.41918126,12.53582238,12.73074085,12.4997898,12.68774158,12.99209499,13.23436506,12.90180217,12.62021875,12.79189031,14.26177808,13.54878842,13.24866679,13.69345757,12.96682783,13.31307044,13.72753521,14.8173827,14.49519999,13.65096445,13.43693029,13.85096763,14.0775915,13.63062344,13.24116166,13.15814434,13.98195298,14.49381853,15.53638373,15.19956653,14.86125767,16.73473394,18.44457967,
Kuwait,KWT,Tax revenue (% of GDP),GC.TAX.TOTL.GD.ZS,,,,,,,,,,,,,37.43169399,37.2171311,32.67768247,,,4.615802221,7.597964496,2.178426333,2.699909503,3.73615037,3.444779017,3.23829933,3.128614104,1.938002524,2.095021769,1.267380316,1.229820571,1.175992911,1.545070847,0.255607395,0.08581481,1.092624066,1.422764285,1.146181245,0.965097411,1.173058751,1.492442927,,,,,,,,,,,,,,,,,,,,,,,,,
Latin America & Caribbean (excluding high income),LAC,Tax revenue (% of GDP),GC.TAX.TOTL.GD.ZS,,,,,,,,,,,,,,,,,,,,,,,,,,,,,,,,,,,,,,,,,,,,,,,,,,,12.68196081,13.12498281,12.79924843,12.88137822,12.84987114,13.40048367,13.42127166,13.12992441,13.20915191,13.23143597,12.95005239,13.68615173,13.90313212,14.23811699
Lao PDR,LAO,Tax revenue (% of GDP),GC.TAX.TOTL.GD.ZS,,,,,,,,,,,,,,,,,,,,,,,,,,,,,,,,,,,,,,,,,,,,,,,,,12.10294002,12.75716617,13.02713909,13.14641218,13.60534126,13.73883384,13.83018194,13.50614062,12.94311134,12.23932049,11.72064624,11.46555609,9.401877473,10.39102166,12.11293278,
Lebanon,LBN,Tax revenue (% of GDP),GC.TAX.TOTL.GD.ZS,,,,,,,,,,,,,,,,,,,,,,,,,,,,,,,,,,,,,,11.93272577,12.6332288,13.3726881,11.90122982,11.8780772,14.43059019,15.37671346,16.50864395,15.16810377,15.00828554,14.94411917,16.418394,16.85630601,16.84447669,16.37733291,15.19802662,14.06611445,14.10956588,13.46505128,13.52535689,15.35988176,15.32540546,15.40539053,8.901728325,5.684795546,,
Liberia,LBR,Tax revenue (% of GDP),GC.TAX.TOTL.GD.ZS,,,,,,,,,,,,,,,,,,,,,,,,,,,,,,,,,,,,,,,,,,,,,,7.642757948,7.236438606,10.20053503,9.841559386,,11.2051496,11.14878716,12.97157471,12.46142652,,,,,,,,,,
Libya,LBY,Tax revenue (% of GDP),GC.TAX.TOTL.GD.ZS,,,,,,,,,,,,,,,,,,,,,,,,,,,,,,,,,,,,,,,,,,,,,,,,,,,,,,,,,,,,,,,,
St. Lucia,LCA,Tax revenue (% of GDP),GC.TAX.TOTL.GD.ZS,,,,,,,,,,,,,,,,,,,,,,,,,,,,,,,,,,,,,,,,,17.05133145,16.48985075,16.66444444,16.16695424,17.21206531,17.63953053,17.63268523,18.26911895,18.68490273,19.13386957,18.21437083,18.0488001,17.15438827,18.16470176,18.11432667,18.7149121,19.14471467,18.22498147,,,,,,
Latin America & Caribbean,LCN,Tax revenue (% of GDP),GC.TAX.TOTL.GD.ZS,,,,,,,,,,,,,,,,,,,,,,,,,,,,,,,,,,,,,,,,,,,,,,,,,,,13.05516013,13.54486925,13.23260998,13.22114032,13.1385081,13.67148937,13.72659271,13.3941089,13.51692603,13.48147362,13.13374759,13.92743546,14.29679127,
Least developed countries: UN classification,LDC,Tax revenue (% of GDP),GC.TAX.TOTL.GD.ZS,,,,,,,,,,,,,,,,,,,,,,,,,,,,,,,,,,,,,,,,,,,,,,,,,,10.49367268,10.84677564,11.25229333,10.91824339,10.84558163,10.76720563,10.26767521,9.866630032,9.94297877,9.96961498,10.43837512,,,,
Low income,LIC,Tax revenue (% of GDP),GC.TAX.TOTL.GD.ZS,,,,,,,,,,,,,,,,,,,,,,,,,,,,,,,,,,,,,,,,,,,,,,,,,,,,,,,,10.16187046,10.14156777,,,,,,,
Liechtenstein,LIE,Tax revenue (% of GDP),GC.TAX.TOTL.GD.ZS,,,,,,,,,,,,,,,,,,,,,,,,,,,,,,,,,,,,,,,,,,,,,,,,,,,,,,,,,,,,,,,,
Sri Lanka,LKA,Tax revenue (% of GDP),GC.TAX.TOTL.GD.ZS,,,,,,,,,,,,,,,,,,,,,,,,,,,,,,,19.02083385,18.30479797,17.95345687,17.4699989,17.16797563,17.75201716,16.95069051,16.00769203,14.47642698,15.01207545,14.50276551,14.62550039,14.02036178,12.71067585,13.46596896,13.73252902,14.57725918,14.22160859,13.27733443,12.80032048,10.93186869,10.84760491,10.11103071,10.12125705,9.747859823,11.72026486,11.42348977,11.60868274,11.15376065,10.90395133,7.775292412,7.369928225,7.277050015,9.846529245
Lower middle income,LMC,Tax revenue (% of GDP),GC.TAX.TOTL.GD.ZS,,,,,,,,,,,,,,,,,,,,,,,,,,,,,,,,,,,,,,11.3279664,,10.5781066,,,10.34767768,10.59528505,11.07102545,11.46526173,12.58359838,13.13289539,12.6389429,11.47413732,11.65145433,11.62047576,11.83068773,11.77888275,11.2598308,11.53179672,11.64326846,11.73585751,12.26874915,,,,,
Low & middle income,LMY,Tax revenue (% of GDP),GC.TAX.TOTL.GD.ZS,,,,,,,,,,,,,,,,,,,,,,,,,,,,,,,,,,,,,,,,,,,,,,10.11442089,10.70593129,11.27037659,11.71288252,11.37469608,11.75877273,11.99365122,11.89482455,11.81740347,11.46119035,11.46996,11.33717147,11.39111296,11.31245139,10.91151877,10.60420161,10.78212243,10.38259061,
Lesotho,LSO,Tax revenue (% of GDP),GC.TAX.TOTL.GD.ZS,,,,,,,,,,,,,,,,,,,,,,,28.98835475,34.95877761,38.69351651,35.58108988,31.6971536,31.91319159,30.64371313,34.1989954,,27.75657635,28.30152625,29.67252716,29.87079575,28.75049718,26.96189969,29.21247489,25.08054334,24.72221533,22.93955586,25.78220615,24.19416305,27.11488202,28.961325,28.57390073,33.91975434,39.31379775,38.25856816,39.9862447,30.29876043,30.21374793,38.08375699,35.90752719,36.32843272,33.77014571,29.28627044,33.00730986,31.81516946,32.54217096,35.99435655,31.87023141,30.44254868,
Late-demographic dividend,LTE,Tax revenue (% of GDP),GC.TAX.TOTL.GD.ZS,,,,,,,,,,,,,,,,,,,,,,,,,,,,,,,,,,,,,,,,,,,,,,11.05766641,11.48832743,12.04725274,12.20398223,11.72877088,12.02813846,12.1631309,11.95237096,11.69497507,11.50070504,10.99714374,10.70301376,10.92903072,10.8686814,10.46598633,9.928991586,10.16910901,10.09861233,
Lithuania,LTU,Tax revenue (% of GDP),GC.TAX.TOTL.GD.ZS,,,,,,,,,,,,,,,,,,,,,,,,,,,,,,,,18.28524432,,12.49657514,13.11137796,19.68922513,18.80200422,21.54041832,22.08920232,22.11201606,20.25482082,19.36763716,19.1715741,19.03600583,19.26354665,19.74893138,20.5300348,20.35332704,20.46760197,16.99183757,16.17873616,15.60733212,15.6092591,15.67525884,15.9107923,16.65249493,16.96176442,16.65133475,16.62603797,19.86024031,19.83198038,21.20323865,21.09771864,
Luxembourg,LUX,Tax revenue (% of GDP),GC.TAX.TOTL.GD.ZS,,,,,,,,,,,,,16.66488402,17.19561755,17.65910341,20.66517166,20.33388906,22.81675496,23.67386782,21.88217876,22.33608677,22.7961717,22.9337644,25.45228423,24.89418137,24.86552497,24.16078827,24.36027848,23.56106866,22.59758011,22.87627833,21.60805633,22.18582235,23.75436634,25.02831298,24.47322707,24.69738708,25.24415233,25.60117694,25.10032846,25.4725969,24.98489419,24.78170287,24.63009613,24.04257319,25.33555545,23.9298412,24.38034549,23.55571077,23.83910852,23.81784044,23.98704785,24.42782715,24.55226696,24.74515711,23.32185937,23.76750967,24.51814705,26.64459391,26.46621709,25.25506566,25.86550657,25.97288112,
Latvia,LVA,Tax revenue (% of GDP),GC.TAX.TOTL.GD.ZS,,,,,,,,,,,,,,,,,,,,,,,,,,,,,,,,,,,14.33149292,19.96707483,19.22181837,22.87599021,24.31596899,23.31708065,21.24246543,21.09327826,20.62746443,21.15268722,21.22549568,22.35512888,23.35194753,22.80945462,21.72408559,19.19383634,20.06644132,21.29580753,21.89478947,22.53413566,22.85636519,23.16902712,24.34161039,24.35247041,23.63762616,22.06518614,22.5622271,22.87163319,24.23025912,
"Macao SAR, China",MAC,Tax revenue (% of GDP),GC.TAX.TOTL.GD.ZS,,,,,,,,,,,,,,,,,,,,,,,,,,,,,,,,,,,,,13.10324623,15.9467573,14.22167115,14.19246602,14.92285291,16.39758352,17.23481133,20.04767379,21.26856755,20.98034184,21.13448838,25.46243595,30.23591364,29.3068412,34.38843575,37.42427393,36.80275324,36.38810023,35.0873753,29.15024934,27.77528589,29.03705734,29.43651435,29.77826632,21.82738175,19.3081267,16.70167935,
St. Martin (French part),MAF,Tax revenue (% of GDP),GC.TAX.TOTL.GD.ZS,,,,,,,,,,,,,,,,,,,,,,,,,,,,,,,,,,,,,,,,,,,,,,,,,,,,,,,,,,,,,,,,
Morocco,MAR,Tax revenue (% of GDP),GC.TAX.TOTL.GD.ZS,,,,,,,,,,,,,,,,,,,,,,,,,,,,,,,18.67672148,18.41541938,20.65142956,20.24770334,18.85493515,18.35120904,,19.40548746,17.23153531,17.88254779,,,17.11157403,16.85825073,17.11632532,18.99004931,19.40359092,21.73147478,24.06877109,21.54148401,21.08896409,21.45346087,21.96528411,20.62786901,20.35361775,19.43746509,19.86725776,20.12970123,20.28612138,19.91442794,20.02211205,19.66520564,22.10852292,
Monaco,MCO,Tax revenue (% of GDP),GC.TAX.TOTL.GD.ZS,,,,,,,,,,,,,,,,,,,,,,,,,,,,,,,,,,,,,,,,,,,,,,,,,,,,,,,,,,,,,,,,
Moldova,MDA,Tax revenue (% of GDP),GC.TAX.TOTL.GD.ZS,,,,,,,,,,,,,,,,,,,,,,,,,,,,,,,,,,,,,12.08967623,18.2831061,18.08024084,15.05735397,14.72574961,12.17120031,12.88135437,14.67287013,16.35739261,18.48533942,19.57121151,20.56653565,20.44594895,17.68531332,15.16064072,15.24032722,15.59534634,15.469636,16.82879915,16.29096809,16.43011832,17.72739043,18.01408374,17.65629013,17.90989849,18.38811637,18.94036457,
Madagascar,MDG,Tax revenue (% of GDP),GC.TAX.TOTL.GD.ZS,,,,,,,,,,,,,,,,,,,,,,,,,,,,,,,7.391907954,5.626451039,6.991043731,6.770597926,6.499532855,6.845865817,,,,,,,,8.597800286,9.372419868,8.690155518,9.201881621,9.848061325,11.39145084,8.344148961,8.535319118,8.710323638,8.368255543,8.785591773,8.441133382,8.945310373,9.244851873,10.02754473,10.28312868,10.53186462,9.520728725,10.2385307,9.357099199,
Maldives,MDV,Tax revenue (% of GDP),GC.TAX.TOTL.GD.ZS,,,,,,,,,,,,,,,,,,,,2.495321273,5.115408609,6.891452233,12.21995927,12.63183714,9.261658031,9.99113868,10.28976937,12.2840691,13.57065658,,13.96231926,14.6140953,14.95898236,13.73453732,13.00458215,13.59638849,13.45217883,14.44550444,14.20024047,14.09157047,13.79611004,9.826307389,9.507925449,9.420701834,10.48943585,11.56937388,11.75644071,12.14744951,11.57888281,9.100667992,8.84762793,12.07813398,,,19.32300328,19.65015509,19.97582564,20.69157889,20.14493604,19.9413849,20.11218859,19.45324828,,
Middle East & North Africa,MEA,Tax revenue (% of GDP),GC.TAX.TOTL.GD.ZS,,,,,,,,,,,,,,,,,,,,,,,,,,,,,,,,,,,,,,,,,,,,,,,,,,,,,,,,,,,,,,,,
Mexico,MEX,Tax revenue (% of GDP),GC.TAX.TOTL.GD.ZS,,,,,,,,,,,,,7.610619469,7.091172214,8,9.181818182,9.044493071,9.951325041,10.7402653,11.34289439,11.4238505,10.54584204,11.21787245,12.99939446,12.6232738,12.31257863,11.86499888,12.74757437,11.41196198,12.13921122,11.84836466,11.59449261,11.60243534,8.567132478,8.096059185,8.031618306,8.314389304,8.592240647,7.70264914,8.185176467,9.132295414,,,,,,,,9.57877153,9.234604861,9.675317453,9.617072146,9.352411062,9.883610123,10.24285504,12.34597578,13.12378561,12.68743173,12.7121573,12.78774861,13.89751345,13.41126212,13.42811107,14.26659801
Marshall Islands,MHL,Tax revenue (% of GDP),GC.TAX.TOTL.GD.ZS,,,,,,,,,,,,,,,,,,,,,,,,,,,,,,,,,,,,,,,,,,,,,,,,,19.33249318,18.40196561,17.72191372,17.03810215,16.38623077,16.48763573,15.85675161,17.35771094,17.3583439,17.62183482,17.91818182,18.60089679,17.15550041,,,
Middle income,MIC,Tax revenue (% of GDP),GC.TAX.TOTL.GD.ZS,,,,,,,,,,,,,,,,,,,,,,,,,,,,,,,,,,,,,,,,,,,,,,10.12651947,10.72634415,11.29785168,11.73596022,11.41297463,11.7912846,12.02320054,11.91842135,11.83652422,11.47509948,11.48603426,11.35207289,11.39782617,11.31912856,10.91061011,10.60893675,10.78512514,10.37887713,
North Macedonia,MKD,Tax revenue (% of GDP),GC.TAX.TOTL.GD.ZS,,,,,,,,,,,,,,,,,,,,,,,,,,,,,,,,,,,,,,,,,,,,,,18.42509865,18.08266169,19.07483022,18.52394611,17.12957827,16.8656928,16.999651,16.41665042,15.668958,16.23528371,16.81823312,16.95115782,17.16111359,17.57493632,17.08328108,16.12703466,17.39296314,,
Mali,MLI,Tax revenue (% of GDP),GC.TAX.TOTL.GD.ZS,,,,,,,,,,,,,,,,,,,,,,,,,,,,,,,,,,,,,,,,,10.78507803,10.58547675,11.1732839,12.76795381,13.68704434,13.30025843,13.31614483,13.05597059,11.83761397,12.97358284,12.89285053,12.54521403,12.99131346,13.0329666,12.64664005,14.09510939,15.39597072,15.8828451,11.66973731,14.50113837,14.16453986,,,
Malta,MLT,Tax revenue (% of GDP),GC.TAX.TOTL.GD.ZS,,,,,,,,,,,,,21.17118907,22.01439629,20.6659997,18.87472189,17.73263658,18.35483092,19.15855318,,19.69424242,19.23403601,18.51096646,17.86284418,16.84151879,17.67666555,17.18032161,16.55215345,17.59891218,17.8970137,42.43432684,43.05083437,44.17204003,45.26292291,42.31400954,47.39838863,42.42108662,46.70548281,42.71221901,47.77608429,48.97818395,51.64444211,53.91398786,54.36899031,54.96612414,59.02912272,60.27789065,62.63357067,25.67966369,25.89866092,25.13979093,25.41100722,25.29540891,25.14210332,25.42983059,23.76839631,24.49505295,23.85994087,23.88236911,23.9618743,21.72490819,21.89556482,22.33641797,
Myanmar,MMR,Tax revenue (% of GDP),GC.TAX.TOTL.GD.ZS,,,,,,,,,,,,,,9.424797534,7.612796448,7.92264763,8.805191868,10.4564792,10.0094338,10.21141674,9.611748954,9.927705224,9.831022455,9.236698189,8.584435744,8.255193264,7.411736702,6.365541807,4.493526715,4.261787377,6.197784146,5.610206293,5.037396545,4.728010353,4.25171345,3.7444872,3.959317154,4.415239181,3.519309519,2.752748457,2.966507458,2.257140411,2.00104717,2.210411864,3.272456656,3.881778356,,,,,,,4.524093697,5.529567589,5.840928925,6.01128504,7.175859836,6.077742329,2.756971253,6.017652477,,,,
Middle East & North Africa (excluding high income),MNA,Tax revenue (% of GDP),GC.TAX.TOTL.GD.ZS,,,,,,,,,,,,,,,,,,,,,,,,,,,,,,,,,,,,,,,,,,,,,,11.92656537,12.31144149,12.3221194,12.53625375,12.84682285,,,,,,,,,,,,,,
Montenegro,MNE,Tax revenue (% of GDP),GC.TAX.TOTL.GD.ZS,,,,,,,,,,,,,,,,,,,,,,,,,,,,,,,,,,,,,,,,,,,,,,,,,,,,,,,,,,,,,,,,
Mongolia,MNG,Tax revenue (% of GDP),GC.TAX.TOTL.GD.ZS,,,,,,,,,,,,,,,,,,,,,,,,,,,,,,,,,11.08136574,17.51732902,11.32416493,9.773956356,9.602347816,10.57243315,8.358672087,9.805817878,13.9101607,14.66205919,13.36924022,18.03874557,,,28.70997468,23.47917648,21.65181536,16.5402944,19.59311925,18.46699109,15.31214218,15.73120804,12.90163424,11.89413792,11.35099345,13.54690845,16.68852831,16.85052092,14.14578723,16.90884952,,
Northern Mariana Islands,MNP,Tax revenue (% of GDP),GC.TAX.TOTL.GD.ZS,,,,,,,,,,,,,,,,,,,,,,,,,,,,,,,,,,,,,,,,,,,,,,,,,,,,,,,,,,,,,,,,
Mozambique,MOZ,Tax revenue (% of GDP),GC.TAX.TOTL.GD.ZS,,,,,,,,,,,,,,,,,,,,,,,,,,,,,,,,,,,,,,,,,,,,,,,,,,,14.34661003,16.79952951,18.62877783,21.54065214,23.96538388,20.00648452,20.07676221,22.11208495,21.19263684,26.68286006,21.52670294,22.74775571,22.66159088,
Mauritania,MRT,Tax revenue (% of GDP),GC.TAX.TOTL.GD.ZS,,,,,,,,,,,,,,,,,,,,,,,,,,,,,,,,,,,,,,,,,,,,,,,,,,,,,,,,,,,,,,,,
Mauritius,MUS,Tax revenue (% of GDP),GC.TAX.TOTL.GD.ZS,,,,,,,,,,,,,,14.22578078,11.51171515,16.26452848,19.85385862,19.45325714,17.49376819,16.28208486,18.16975589,17.40789435,16.43879394,18.83671931,19.25811578,17.7713157,17.5419851,17.5760856,19.01016063,19.82622308,19.38579253,20.02383809,18.89587291,17.86015622,18.03863219,15.9001352,14.61619281,15.78100715,15.78088623,16.52614638,16.72843033,14.93965193,14.80718303,15.88149715,16.02451103,17.02713167,16.02867142,15.10546176,16.96721946,18.07301307,18.01671337,18.00451841,18.62170749,18.12260374,18.08385642,8.758005968,17.60779165,17.93264409,18.40604811,19.40743808,20.70623346,18.26439463,19.05049773,19.7868772
Malawi,MWI,Tax revenue (% of GDP),GC.TAX.TOTL.GD.ZS,,,,,,,,,,,,,,,,,,,,,,,,,,,,,,,,,,,,,,,,,,,,,,,,,,9.940184267,10.56346502,10.61770698,9.315715142,9.708743562,10.94910926,10.53658178,10.63896316,12.18430178,12.17565789,11.97521267,12.13056274,11.58775288,13.50385739,
Malaysia,MYS,Tax revenue (% of GDP),GC.TAX.TOTL.GD.ZS,,,,,,,,,,,,,,,,,,,,,,,,,,,,,,,,,,,,,19.37792632,19.75336681,16.7301575,14.09370802,13.6669089,17.79488881,17.44695509,15.49565512,15.19909376,14.82639106,14.51619698,14.30372284,14.66295826,14.94050153,13.33219531,14.79435317,15.61314674,15.31023528,14.84079071,14.05686213,13.55072517,12.94596624,12.02266586,11.93634883,10.88467121,11.21607484,11.63747386,
North America,NAC,Tax revenue (% of GDP),GC.TAX.TOTL.GD.ZS,,,,,,,,,,,,,11.8199373,11.49521249,11.83762036,11.1858005,10.74883688,11.61864632,11.54235905,12.00380766,12.13835265,12.55050996,11.97862664,10.34826823,10.15971565,10.38424016,10.16304589,10.94884573,10.59594327,10.78244038,10.77664324,10.66845496,10.35339376,10.59072711,10.83269757,11.17787581,11.58774922,12.06209404,12.52949178,12.46829832,13.1318982,12.05610289,10.16765849,9.718392118,9.86252661,10.90523075,11.48445621,11.46446863,10.45667422,8.279252298,8.833833484,9.732308041,9.926178171,10.55954333,10.97732481,11.28587715,10.99470892,11.5984961,10.19661222,10.12965185,10.4786504,11.42625697,12.12067492,10.54685633
Namibia,NAM,Tax revenue (% of GDP),GC.TAX.TOTL.GD.ZS,,,,,,,,,,,,,,,,,,,,,,,,,,,,,,,23.01056488,26.95733053,25.10570472,26.13034546,24.08861489,25.01869455,23.98662948,26.66870601,25.69348773,27.91512801,27.42850904,26.30946285,26.06199667,23.19476922,24.27282174,25.72900988,29.07216661,30.5252906,29.70119352,29.07230526,25.54231598,29.55059042,32.93275144,32.98071934,34.6286881,33.42238687,29.67346384,31.30769663,28.93171391,30.39309519,31.20591107,28.06398659,27.17154832,
New Caledonia,NCL,Tax revenue (% of GDP),GC.TAX.TOTL.GD.ZS,,,,,,,,,,,,,,,,,,,,,,,,,,,,,,,,,,,,,,,,,,,,,,,,,,,,,,,,,,,,,,,,
Niger,NER,Tax revenue (% of GDP),GC.TAX.TOTL.GD.ZS,,,,,,,,,,,,,,,,,9.421033141,9.154545384,9.496598531,10.90978353,11.7645286,,,,,,,,,,,,,,,,,,,,,,,,,,,,,,,,,,,,,,,,,,,
Nigeria,NGA,Tax revenue (% of GDP),GC.TAX.TOTL.GD.ZS,,,,,,,,,,,,,,,,,,,,,,,,,,,,,,,,,,,,,,,,,,,,,,,,,,,,,,,,,,,,,,,,
Nicaragua,NIC,Tax revenue (% of GDP),GC.TAX.TOTL.GD.ZS,,,,,,,,,,,,,,,,,,,,,,,,,,,,,,,26.26583735,18.23936737,19.84950915,18.98088283,8.993665941,9.402734402,9.494441288,10.58909176,11.03648306,10.71894637,10.64687011,9.802508066,10.39549911,11.7208159,12.18817918,12.89980348,13.6841751,13.86200393,13.20170593,13.13768507,13.67841349,14.51971695,15.00919379,15.02048069,15.31626638,15.58958836,16.1664462,16.57375161,15.69941645,17.42176913,17.07107956,18.90723092,19.84119153,
Netherlands,NLD,Tax revenue (% of GDP),GC.TAX.TOTL.GD.ZS,,,,,,,,,,,,,,22.42761867,21.18509234,22.30388808,22.27156631,23.36054891,23.15563898,23.08604718,23.04089883,21.87192919,21.65405932,20.75554054,20.12810343,20.31235652,21.22740591,22.50212329,22.57585646,21.86121575,23.25199778,24.45512579,23.601775,24.28033177,21.81465129,20.83949435,21.4375905,20.90299194,20.67956813,21.18611996,20.92943026,21.16759604,21.08387138,20.27108124,20.08322469,21.14886047,21.49345299,21.47019389,21.01078,20.76715442,20.86102808,20.05509037,19.25248241,19.54108302,20.42152758,20.88318375,21.54504114,22.69461325,22.66723233,23.56119248,23.77817488,23.93079468,23.2559216,
Norway,NOR,Tax revenue (% of GDP),GC.TAX.TOTL.GD.ZS,,,,,,,,,,,,,22.95167975,20.68992057,20.46229859,20.3859202,21.53182507,22.08057275,21.81953118,22.23869891,25.11381524,26.25029793,25.31305262,24.5587192,24.53236615,25.65460294,25.62122795,23.62815299,22.15427566,20.47765002,21.30448176,21.57610491,20.73649632,20.7364733,21.74285198,23.00490688,23.93682586,23.89191652,23.95695391,24.25424193,26.67195447,26.03931301,27.1341212,25.86954581,27.31696869,28.20373383,28.79829887,28.08021781,27.7643981,25.84735411,26.74376696,27.5519417,26.87254323,25.01013644,23.41203172,22.08854882,21.96037593,22.29004036,23.31360593,23.2830044,21.25318677,25.50276589,31.27327577,
Nepal,NPL,Tax revenue (% of GDP),GC.TAX.TOTL.GD.ZS,,,,,,,,,,,,,,,,,,,,,,,,,,,,,,,6.996692968,6.620301936,6.483344072,6.654637356,7.729134048,8.985513859,8.719914187,8.723659866,8.639332547,8.422505233,8.735981111,8.802574747,8.560583141,8.651811853,8.9749585,9.179453421,8.77975841,9.772473404,10.44008641,11.84403686,13.39611544,11.62467775,12.04080455,13.29788586,13.99491049,14.68630457,16.14374976,17.99936212,19.08282606,19.80906024,15.77364973,17.48530328,,
Nauru,NRU,Tax revenue (% of GDP),GC.TAX.TOTL.GD.ZS,,,,,,,,,,,,,,,,,,,,,,,,,,,,,,,,,,,,,,,,,,,,,,,,,,,,,,,20.10882596,17.07507273,25.31272588,22.65238158,28.85657538,34.22777009,44.40226509,,,
New Zealand,NZL,Tax revenue (% of GDP),GC.TAX.TOTL.GD.ZS,,,,,,,,,,,,,24.46646341,26.05151614,28.35806133,27.9768177,27.55657405,29.60429585,28.21206994,29.15539235,29.32408868,30.05319149,30.50816806,28.30571251,28.65860955,29.69387967,30.18307939,33.24645858,32.70028658,,,,,,,,,,,,,28.55763254,28.20805365,29.24813843,29.25793128,30.31290683,31.98588405,30.10987127,31.52540046,29.68551313,26.15230007,25.66662911,26.90944578,26.71564067,26.85051442,27.41171588,27.27716624,27.3310425,27.48216205,28.16977482,27.3768537,29.0601312,29.93385652,
OECD members,OED,Tax revenue (% of GDP),GC.TAX.TOTL.GD.ZS,,,,,,,,,,,,,13.78693477,13.48683739,13.9732865,13.78895301,13.93271041,14.39291166,14.31937835,14.50178035,14.86064783,15.21363581,15.13607665,14.48337571,14.31288593,14.53047651,14.5496245,14.89834833,14.6580181,14.61081165,14.51832958,14.45850451,14.1288258,14.01841559,14.60308326,15.08038504,15.38994297,15.85107558,16.12102228,16.28223248,16.70367312,16.32742774,15.17906328,14.86653925,14.92869311,15.59880289,16.0372872,16.12347483,15.44475039,13.95621893,14.32038708,14.82470191,14.90048145,15.33275288,15.51272843,15.6849519,15.62398344,15.96965787,15.43776292,15.38478205,15.37444905,16.19680369,16.65540008,
Oman,OMN,Tax revenue (% of GDP),GC.TAX.TOTL.GD.ZS,,,,,,,,,,,,,,,,,,,,,,,,,,,,,,,,,,,,,,,,,,,,,,,,,,,,,,,,,,,,,,,,
Other small states,OSS,Tax revenue (% of GDP),GC.TAX.TOTL.GD.ZS,,,,,,,,,,,,,,,,,,,,,,,,,,,,,,,,16.07481234,16.44707364,16.95093425,17.04153205,20.71246211,19.93662784,20.08437848,20.50516837,21.195326,21.18236837,20.90147012,21.00160469,21.45376623,22.02671303,22.30198361,23.044095,24.06653717,20.24626052,16.46961221,17.6292378,18.2270403,19.32954263,17.88419352,18.29496894,16.51354628,18.63646626,17.08483783,17.15625231,17.37568767,16.94460326,,,
Pakistan,PAK,Tax revenue (% of GDP),GC.TAX.TOTL.GD.ZS,,,,,,,,,,,,,,10.30196171,11.7068852,10.94771683,11.03295388,11.02185004,11.5417333,12.28381602,13.3500442,13.53434269,12.67865461,12.7883267,13.26839796,12.32958529,13.47302014,,13.17122429,13.70804617,,,,,,,,12.74247296,12.8290938,13.16532006,7.499686773,,,,,,,,,,,,,,,,,,,,,,,
Panama,PAN,Tax revenue (% of GDP),GC.TAX.TOTL.GD.ZS,,,,,,,,,,,,,,,,,,,,,,,,,,,,,,,,,,,,,,,,,,,,,,,,,,,,,,,9.959648751,9.798019616,10.05573852,9.665744695,9.590967813,8.648377915,8.049989517,7.460605702,,
Peru,PER,Tax revenue (% of GDP),GC.TAX.TOTL.GD.ZS,,,,,,,,,,,,,12.65359002,10.81125344,11.00086063,11.55773155,11.22907434,11.6716743,12.4930216,13.80688285,17.96171377,15.11632987,14.79299342,11.89773092,13.04040973,14.96299404,13.38210985,9.974415853,9.663582676,7.921659024,10.72389521,11.02794427,11.98305238,12.16542206,12.97214417,13.68475757,14.19981417,14.39876053,14.23480496,12.9941893,12.6086475,12.89710563,12.48714263,13.41152116,13.66336894,14.10474219,15.6699876,16.40746835,16.51217092,14.45652681,15.46657176,15.96889515,16.5466871,16.43300669,16.72092668,14.91965132,13.78754764,13.17434165,14.28637131,14.52540406,13.22109096,15.92254473,,
Philippines,PHL,Tax revenue (% of GDP),GC.TAX.TOTL.GD.ZS,,,,,,,,,,,,,,,,,,,,,,,,,,,,,,,12.35461036,12.80958835,13.53887306,13.68088118,14.03788872,14.26625524,14.82664166,14.86149493,13.67546376,12.89543709,12.44032477,12.26550865,11.66813069,11.66643259,11.36440439,11.92422406,13.12730144,12.9604093,13.03351369,11.69893557,11.63527559,11.84900078,12.30592711,12.74382206,13.01551718,13.01961059,13.08710069,13.59379375,14.04753328,14.48847302,13.95098571,14.13000393,14.61900582,14.10150725
Palau,PLW,Tax revenue (% of GDP),GC.TAX.TOTL.GD.ZS,,,,,,,,,,,,,,,,,,,,,,,,,,,,,,,,,,,,,,,,,,,,,,,,,16.35676889,15.42082338,16.59811671,17.45090808,18.06918025,18.39007648,19.33733461,20.28290878,19.81538164,19.92910924,20.95422224,18.36675322,18.08094808,,,
Papua New Guinea,PNG,Tax revenue (% of GDP),GC.TAX.TOTL.GD.ZS,,,,,,,,,,,,,,,,,,,,,,,,,,,,,,,20.07346726,17.73352563,18.28415818,19.86439564,20.59600745,19.72715386,22.46318454,23.7232047,20.48029115,21.78816746,18.975965,24.6964497,21.01324696,,,,,,,,,,,,17.90996215,15.22728706,12.94862858,12.60500176,13.19302875,13.02195586,11.87919551,12.14842321,14.77049521,
Poland,POL,Tax revenue (% of GDP),GC.TAX.TOTL.GD.ZS,,,,,,,,,,,,,,,,,,,,,,,,,,,,,,,,,,,22.78268073,22.28384351,21.57239464,20.83480344,20.08417928,17.99297995,16.88894979,15.97914186,16.78813393,16.66527451,15.61857556,16.42798248,17.09206941,18.05730476,18.1987401,16.00966529,16.53702355,16.66968256,16.00525692,15.67425911,15.62719823,15.61359532,16.20902913,16.73557568,17.18482185,17.14590206,17.29114409,18.93415712,17.12346615,
Pre-demographic dividend,PRE,Tax revenue (% of GDP),GC.TAX.TOTL.GD.ZS,,,,,,,,,,,,,,,,,,,,,,,,,,,,,,,,,,,,,,,,,,,,,,,,,,,,,,,,,,,,,,,,
Puerto Rico,PRI,Tax revenue (% of GDP),GC.TAX.TOTL.GD.ZS,,,,,,,,,,,,,,,,,,,,,,,,,,,,,,,,,,,,,,,,,,,,,,,,,,,,,,,,,,,,,,,,
"Korea, Dem. People's Rep.",PRK,Tax revenue (% of GDP),GC.TAX.TOTL.GD.ZS,,,,,,,,,,,,,,,,,,,,,,,,,,,,,,,,,,,,,,,,,,,,,,,,,,,,,,,,,,,,,,,,
Portugal,PRT,Tax revenue (% of GDP),GC.TAX.TOTL.GD.ZS,,,,,,,,,,,,,,11.48633848,11.77968912,12.31415017,13.84378894,14.11276532,13.45697383,13.76768835,15.18085124,16.09136272,16.59471789,18.33797402,18.01063441,17.61591829,17.55125423,15.57442685,16.98673207,17.73912161,17.66850202,18.29113824,20.02626303,18.58661807,19.35373811,19.69493002,20.51675843,20.26430124,20.41265905,20.93425596,20.87840352,20.51404173,20.82750272,19.88117057,19.9795278,20.58192839,21.12516235,21.34729712,21.04682674,19.0577021,19.61555329,21.10675075,20.74019358,22.63774313,22.63001062,22.8294267,22.34506097,22.42071337,22.67395353,22.18926024,21.96463556,22.0220187,22.8949896,
Paraguay,PRY,Tax revenue (% of GDP),GC.TAX.TOTL.GD.ZS,,,,,,,,,,,,,,,,,,,,,,,,,,,,,,,,,,,,,,,,,,,,,,8.264764504,8.350504183,7.837877891,8.0940723,8.327582817,8.871213476,9.366835103,9.457778351,8.929362568,9.74517638,9.642274697,9.559063337,9.956474414,10.07505858,9.995756075,9.514999286,9.794253598,10.26613639,
West Bank and Gaza,PSE,Tax revenue (% of GDP),GC.TAX.TOTL.GD.ZS,,,,,,,,,,,,,,,,,,,,,,,,,,,,,,,,,,,,,,,,,,,,,,4.656946705,4.22383406,4.386501481,4.618942578,4.690530074,5.017446342,4.913580294,4.215212313,4.435940408,5.192409364,5.076133219,5.313889878,5.740722013,18.78184191,18.53430728,20.85177685,21.47457602,,
Pacific island small states,PSS,Tax revenue (% of GDP),GC.TAX.TOTL.GD.ZS,,,,,,,,,,,,,,,,,,,,,,,,,,,,,,,,,,,,,,,,,,,,,,,,,,,,21.06943696,21.26575682,21.67976906,21.48970277,21.73095962,21.74937419,22.5557735,23.21884422,22.20210057,19.55811968,18.01880946,,
Post-demographic dividend,PST,Tax revenue (% of GDP),GC.TAX.TOTL.GD.ZS,,,,,,,,,,,,,13.85833889,13.52693176,14.00752724,13.72452636,13.81571718,14.27022069,14.18085286,14.3756706,14.76612882,15.15246394,15.01960287,14.28785519,14.1861605,14.43819608,14.4484814,14.81162023,14.65244757,14.62103873,14.54933465,14.51373736,14.12109066,14.08498717,14.59174758,15.08635116,15.38698097,15.80515197,16.25210791,16.40238508,16.84822754,16.20417049,15.01731806,14.74297728,14.77544132,15.44593858,15.87398066,15.96038323,15.46691573,13.90991573,14.24697904,14.77664964,14.90220108,15.33909595,15.51702848,15.6570225,15.55933698,15.95608393,15.38819711,15.35120538,15.29239978,16.12150697,16.64145978,
French Polynesia,PYF,Tax revenue (% of GDP),GC.TAX.TOTL.GD.ZS,,,,,,,,,,,,,,,,,,,,,,,,,,,,,,,,,,,,,,,,,,,,,,,,,,,,,,,,,,,,,,,,
Qatar,QAT,Tax revenue (% of GDP),GC.TAX.TOTL.GD.ZS,,,,,,,,,,,,,,,,,,,,,,,,,,,,,,,,,,,,,,,,,,,,,,,,,,,,,,,,,,,,,,,,
Romania,ROU,Tax revenue (% of GDP),GC.TAX.TOTL.GD.ZS,,,,,,,,,,,,,,,,,,,,,,4.388327722,4.074786912,4.024977234,4.052199485,4.201834862,4.46458383,4.463377115,4.526254376,5.1175,23.05630027,22.52189301,22.41292377,19.66235439,17.78714284,17.40204452,16.10773027,17.03601162,17.73603872,17.05661897,17.96270948,16.63341608,16.48910006,17.77476375,17.42126616,17.46805693,17.94705723,17.53952573,16.78544449,15.27210523,16.2393387,17.21537374,17.15870536,17.76058604,17.93906459,18.91817625,17.11183625,15.58664739,14.37433642,14.5223191,14.14650719,14.92374137,16.15756594,
Russian Federation,RUS,Tax revenue (% of GDP),GC.TAX.TOTL.GD.ZS,,,,,,,,,,,,,,,,,,,,,,,,,,,,,,,,,,,,,,,,11.24287265,13.72553445,15.7786996,13.63496607,13.3140302,13.23402539,16.62290968,16.56821576,16.55131306,15.81806782,12.95635241,13.04834885,13.95420368,13.75467304,12.93349245,13.2553613,10.64209481,9.1831221,10.28840567,11.4687676,10.93839974,10.79911962,11.60649448,10.97033878,
Rwanda,RWA,Tax revenue (% of GDP),GC.TAX.TOTL.GD.ZS,,,,,,,,,,,,,,8.631147895,10.18131049,7.521318803,9.906255355,10.90185737,9.71992482,11.70219398,10.46763593,,,,,,,,,10.82692927,8.78380627,9.260063961,9.048258736,,,,,,,,,,,,,,,,,,,,,,12.94762927,13.29389488,14.4161495,13.45137139,14.24971091,14.60535731,15.0744688,,,
South Asia,SAS,Tax revenue (% of GDP),GC.TAX.TOTL.GD.ZS,,,,,,,,,,,,,,,8.558810469,9.23052288,9.380134623,8.856840729,9.542171522,9.955960848,9.482800953,9.672412839,9.63512684,9.647614646,9.728592418,10.31361119,10.75004828,10.41141539,10.65907821,10.81116901,10.28487438,10.42531366,10.06415762,8.840152804,9.264363055,9.53350945,9.50697791,9.618492512,8.813938692,9.310799848,8.865254176,8.187225667,8.693628977,9.051146842,9.490942898,9.957285115,10.858417,11.68129158,10.7409401,9.731409662,10.22250935,10.08935681,10.6569392,10.80293987,9.899129985,10.47321565,10.90270116,11.11429708,11.73282692,,,,6.73982576,
Saudi Arabia,SAU,Tax revenue (% of GDP),GC.TAX.TOTL.GD.ZS,,,,,,,,,,,,,,,,,,,,,,,,,,,,,,,,,,,,,,,,,,,,,,,,,,,2.529613379,2.313370485,2.518317273,2.707754391,2.734303799,3.258627736,3.282762816,3.259816338,8.292497312,6.997776923,8.23747103,9.673488847,7.772022513,
Sudan,SDN,Tax revenue (% of GDP),GC.TAX.TOTL.GD.ZS,,,,,,,,,,,,,,,,,,,,,,,,,,,,,,,,,,,,,,,6.197163282,6.386617224,,,,,,,,,,6.469484382,5.862474675,3.856210161,6.894406995,7.684016394,7.982317862,8.194438005,7.390270262,,,,,,,
Senegal,SEN,Tax revenue (% of GDP),GC.TAX.TOTL.GD.ZS,,,,,,,,,,,,,,,,,,,,,,,,,,,,,,,,,,,,,,,,,,,,,,,,,,,,,,,,15.77433605,16.37117645,15.90645166,16.37825247,18.41928364,17.4488279,17.55013297,18.70278451,19.44081218
Singapore,SGP,Tax revenue (% of GDP),GC.TAX.TOTL.GD.ZS,,,,,,,,,,,,,14.55018489,14.78510139,15.06460714,16.57112472,15.99637416,16.72455544,15.93464722,16.03977068,16.99291833,17.88020559,18.91634198,18.76083872,17.66338209,15.66216706,12.73576946,13.07807989,14.07201262,15.68787362,14.54626959,15.1815316,16.1033535,16.29033395,16.61315228,15.76850365,15.89736716,15.31234109,14.03102564,14.53171741,14.85578908,14.58551915,12.68873934,12.44607416,11.60451158,11.5770274,11.83102218,12.8204282,13.75439145,12.95492653,12.78582397,13.10572195,13.58066874,13.27125008,13.55655713,13.13977453,13.30866822,13.99008477,13.01314831,13.15150127,12.73154468,12.81289793,12.03319296,
Solomon Islands,SLB,Tax revenue (% of GDP),GC.TAX.TOTL.GD.ZS,,,,,,,,,,,,,,,,,,,,,,,,,,,,,,,,,,,,,,,,,,,,,,,,,,,,25.15859663,26.17666721,26.60625702,25.59567494,25.73914196,23.84309269,24.76506783,25.52760652,22.23214599,21.05153287,21.44865775,20.6697405,
Sierra Leone,SLE,Tax revenue (% of GDP),GC.TAX.TOTL.GD.ZS,,,,,,,,,,,,,,,,,,,,,,,,,,,,,,,,,,,,,,,,,,,,,,,,,,,,,,,,,,,,,,,,
El Salvador,SLV,Tax revenue (% of GDP),GC.TAX.TOTL.GD.ZS,,,,,,,,,,,,,,,,,,,,,,,,,,,,,,,,,,,,,,,9.879789825,10.43175691,10.6054957,13.30670083,12.09947074,12.67829709,12.65445486,14.5108178,15.67010773,16.74489691,17.06020329,14.97703052,15.81208071,15.34403351,16.18243583,17.05473522,16.7087952,16.75268491,17.35477562,17.75375106,18.12892354,18.08145041,18.39077508,19.68967543,21.08386279,20.60682355
San Marino,SMR,Tax revenue (% of GDP),GC.TAX.TOTL.GD.ZS,,,,,,,,,,,,,,,,,,,,,,,,,,,,,,,,,,,,,,,,,,,18.0982586,16.90549549,15.92509838,16.93509389,17.22250106,17.63826308,17.67091532,16.93910919,15.59202295,16.15303556,18.01625741,17.06623964,18.34558313,17.89022288,16.68951936,16.468847,17.95681677,16.91273433,16.13626113,17.29597316,17.81140693,
Somalia,SOM,Tax revenue (% of GDP),GC.TAX.TOTL.GD.ZS,,,,,,,,,,,,,,,,,,,,,,,,,,,,,,,,,,,,,,,,,,,,,,,,,,,,,,,,,,8.10E-05,9.51E-05,7.99E-05,6.28E-05,,,
Serbia,SRB,Tax revenue (% of GDP),GC.TAX.TOTL.GD.ZS,,,,,,,,,,,,,,,,,,,,,,,,,,,,,,,,,,,,,,,,,,,,,,,,20.48727479,20.35747308,19.24089066,19.4313895,18.3137738,17.81456033,19.98740091,21.05217409,21.46665374,22.44446425,23.12895636,22.63845372,23.0002958,22.43023449,19.66099612,23.89740663,
Sub-Saharan Africa (excluding high income),SSA,Tax revenue (% of GDP),GC.TAX.TOTL.GD.ZS,,,,,,,,,,,,,,,,,,,,,,,,,,,,,,,,,,,,,,,,,,,,,,,,,,,,,,,,,,,,,,,,
South Sudan,SSD,Tax revenue (% of GDP),GC.TAX.TOTL.GD.ZS,,,,,,,,,,,,,,,,,,,,,,,,,,,,,,,,,,,,,,,,,,,,,,,,,,,,,,,,,,,,,,,,
Sub-Saharan Africa,SSF,Tax revenue (% of GDP),GC.TAX.TOTL.GD.ZS,,,,,,,,,,,,,,,,,,,,,,,,,,,,,,,,,,,,,,,,,,,,,,,,,,,,,,,,,,,,,,,,
Small states,SST,Tax revenue (% of GDP),GC.TAX.TOTL.GD.ZS,,,,,,,,,,,,,,,,,,,,,,,,,,,,,,,,16.07492847,16.51245041,16.94468746,17.13502372,20.41509204,19.69740235,19.27478114,19.62168551,20.27164314,20.24412892,19.92132891,20.00225362,20.56616776,21.13698851,21.4443231,22.17867213,22.96918766,19.83072176,16.5522991,17.39164507,18.15614585,18.98074363,17.77726361,18.12499645,16.83016913,18.74767311,17.34657019,17.33403123,17.62624508,17.20413541,,,
Sao Tome and Principe,STP,Tax revenue (% of GDP),GC.TAX.TOTL.GD.ZS,,,,,,,,,,,,,,,,,,,,,,,,,,,,,,,,,,,,,,,,,,,,,,,,,,,,,,,,,,,,,,,,
Suriname,SUR,Tax revenue (% of GDP),GC.TAX.TOTL.GD.ZS,,,,,,,,,,,,,,,,,,,,,,,,,,,,,,,,,,,,,,,,,,,,,,,,,,,,,,,,,,,,,,,,
Slovak Republic,SVK,Tax revenue (% of GDP),GC.TAX.TOTL.GD.ZS,,,,,,,,,,,,,,,,,,,,,,,,,,,,,,,,,,,,22.94000859,21.21139837,20.36026757,20.08190707,19.72474724,18.51876651,17.30468577,17.14454143,17.79827235,17.35996443,18.08224164,16.8045341,16.74430405,16.4539382,15.53309359,15.01192506,16.00429812,15.4996174,16.6592069,17.38846665,18.05151735,18.01278076,18.50239117,18.46432442,18.76044211,18.46447556,18.96252033,19.43960539,
Slovenia,SVN,Tax revenue (% of GDP),GC.TAX.TOTL.GD.ZS,,,,,,,,,,,,,,,,,,,,,,,,,,,,,,,,,16.4630275,17.29119723,18.85421114,19.41165333,20.13717555,19.83631076,20.5834905,20.93259171,20.22586579,20.14961721,20.74641328,20.85852395,20.7902547,21.30105596,21.01130105,20.15321104,19.5023938,18.21041151,18.21414506,17.97319536,18.02627893,18.10501834,18.34594705,18.66623979,18.80664247,18.50412563,18.68941028,18.85073183,17.3089221,18.68229271,18.17641464,
Sweden,SWE,Tax revenue (% of GDP),GC.TAX.TOTL.GD.ZS,,,,,,,,,,,,,19.05895923,17.61326162,17.09620141,16.50460111,19.39322799,19.99942426,18.3386953,16.82856418,16.32651162,16.73599668,16.39413457,16.85950493,17.71633124,20.22243419,19.1743284,21.60120497,21.70362107,21.31825151,21.65113727,19.69547625,17.16655429,15.46899706,14.8430691,26.75771981,27.29170466,27.50399521,29.66174378,30.27043363,29.85100403,27.88091979,26.71068789,26.9156663,27.2939587,28.59534269,28.59836395,28.57698819,27.63687137,27.37294425,27.56963124,26.79857538,26.43508733,26.59050185,26.7091995,27.32104605,28.19905913,28.3863059,28.11887167,27.50079816,26.82224459,27.39864546,27.60475284,
Eswatini,SWZ,Tax revenue (% of GDP),GC.TAX.TOTL.GD.ZS,,,,,,,,,,,,,,,,,,,,,,,,,,,,,,,,,,,,,,,,25.05604433,18.13326886,17.73853785,17.06984453,18.16116918,22.23615729,22.02440977,30.9762746,27.28028647,29.81227641,25.27335422,16.00052763,16.30702667,28.23337865,,30.00795637,27.64134301,24.01575738,26.49118993,24.24716431,24.646021,27.28076439,24.70435032,,
Sint Maarten (Dutch part),SXM,Tax revenue (% of GDP),GC.TAX.TOTL.GD.ZS,,,,,,,,,,,,,,,,,,,,,,,,,,,,,,,,,,,,,,,,,,,,,,,,,,,,,,,,,,,,,,,,
Seychelles,SYC,Tax revenue (% of GDP),GC.TAX.TOTL.GD.ZS,,,,,,,,,,,,,,,,,,,,,,,,,,28.81482739,30.03705622,32.76338157,33.83033566,34.57495144,,,,33.23397715,30.04512463,25.97365577,25.31820967,25.3436767,24.84666513,25.58161318,24.51278138,,,,,25.6585989,23.20791243,22.30720959,22.08470166,25.13769078,27.52009048,31.69641977,29.57035786,28.14597179,29.11589773,28.46392786,28.82752349,29.17910994,28.90323408,28.35699953,26.1767419,,,
Syrian Arab Republic,SYR,Tax revenue (% of GDP),GC.TAX.TOTL.GD.ZS,,,,,,,,,,,,,,,,,,,,,,,,,,,,,,,,,,,,,,,,,,,,,,,,,,,,,,,,,,,,,,,,
Turks and Caicos Islands,TCA,Tax revenue (% of GDP),GC.TAX.TOTL.GD.ZS,,,,,,,,,,,,,,,,,,,,,,,,,,,,,,,,,,,,,,,,,,,,,,,,,,,,,,,,,,,,,,,,
Chad,TCD,Tax revenue (% of GDP),GC.TAX.TOTL.GD.ZS,,,,,,,,,,,,,,,,,,,,,,,,,,,,,,,,,,,,,,,,,,,,,,,,,,,,,,,,,,,,,,,,
East Asia & Pacific (IDA & IBRD countries),TEA,Tax revenue (% of GDP),GC.TAX.TOTL.GD.ZS,,,,,,,,,,,,,,,,,,,,,,,,,,,,,,,,,,,,,,,,,,,,,,9.05655437,9.558376355,10.17574301,10.69127579,10.6419875,10.52785285,10.7477974,10.69307194,10.46226934,10.20571881,9.927396049,9.648636007,9.844968898,9.545941568,9.059997118,8.57709611,8.534754012,8.502038348,
Europe & Central Asia (IDA & IBRD countries),TEC,Tax revenue (% of GDP),GC.TAX.TOTL.GD.ZS,,,,,,,,,,,,,,,,,,,,,,,,,,,,,,,,,,,,,,,,13.10356127,14.62210519,15.41703869,14.47194446,14.51898043,14.3604972,,,17.3519051,17.09858723,15.29785352,15.54563034,16.03043624,15.54613745,15.40577115,15.3854405,14.33428885,13.7117534,13.99808676,14.51057945,14.08102869,14.1052371,14.74669091,14.00799324,
Togo,TGO,Tax revenue (% of GDP),GC.TAX.TOTL.GD.ZS,,,,,,,,,,,,,,,,,,,,,,,,,,,,,,,,,,,,,,,,,,,,,9.309128805,9.118923256,9.832824826,10.88351843,10.34190563,10.31621212,10.50778741,11.40523223,11.36165572,12.1000696,13.16639275,13.76871095,13.86737441,13.0586635,12.85943483,13.58354422,12.86660525,14.20244964,14.18756208,
Thailand,THA,Tax revenue (% of GDP),GC.TAX.TOTL.GD.ZS,,,,,,,,,,,,,11.04115235,10.17334549,12.58381061,11.193868,10.7838382,11.60892172,11.66140898,12.37412805,13.14314967,13.47697636,12.64055577,14.13958244,14.10679378,13.6878369,13.61614666,13.64999061,14.80673226,15.58057288,16.90732301,17.41350398,15.59178399,15.39927671,16.03568902,16.44093082,16.72621763,16.10547926,13.78816744,12.8892156,12.9767329,13.07021832,13.47031276,14.4815688,14.85333091,16.06186027,15.63699271,15.14315656,15.3848864,14.19423084,14.93264755,16.36183479,15.44093567,17.73605447,16.49878428,16.85085155,16.10003515,15.51872716,15.69815813,15.39794822,15.19315216,15.0614176,15.13903392,15.45115407
Tajikistan,TJK,Tax revenue (% of GDP),GC.TAX.TOTL.GD.ZS,,,,,,,,,,,,,,,,,,,,,,,,,,,,,,,,,,,,,,,7.689066615,8.209442379,7.703083898,8.201926827,,9.702188432,9.821023787,,,,,,,,,,,,,,,,,10.34598055,10.34427934,
Turkmenistan,TKM,Tax revenue (% of GDP),GC.TAX.TOTL.GD.ZS,,,,,,,,,,,,,,,,,,,,,,,,,,,,,,,,,,,,,,,,,,,,,,,,,,,,,,,,,,,,,,,,
Latin America & the Caribbean (IDA & IBRD countries),TLA,Tax revenue (% of GDP),GC.TAX.TOTL.GD.ZS,,,,,,,,,,,,,,,,,,,,,,,,,,,,,,,,,,,,,,,,,,,,,,,,,,,13.06000537,13.54599738,13.23513154,13.22395878,13.14196237,13.67311142,13.72541593,13.39070364,13.51479146,13.47443072,13.12232036,13.92691193,14.29208101,
Timor-Leste,TLS,Tax revenue (% of GDP),GC.TAX.TOTL.GD.ZS,,,,,,,,,,,,,,,,,,,,,,,,,,,,,,,,,,,,,,,,,,,,,,,,,,,110.172588,135.4844505,147.6401955,93.8650341,62.79066644,36.16611465,15.08794971,20.22852259,25.25021946,22.81339077,12.64271172,15.0880984,21.64317767,
Middle East & North Africa (IDA & IBRD countries),TMN,Tax revenue (% of GDP),GC.TAX.TOTL.GD.ZS,,,,,,,,,,,,,,,,,,,,,,,,,,,,,,,,,,,,,,13.84220008,,,,,10.63098668,10.71291283,11.05226112,12.04455725,12.44271,12.45092099,12.66475821,12.97920617,,,,,,,,,,,,,,
Tonga,TON,Tax revenue (% of GDP),GC.TAX.TOTL.GD.ZS,,,,,,,,,,,,,,,,,,,,,,,,,,,,,,,,,,,,,,,,,,,,,,,,,,,,,,16.93247437,17.10459376,18.67925799,20.25651845,20.81517956,21.90960681,21.64631452,20.78624462,,,
South Asia (IDA & IBRD),TSA,Tax revenue (% of GDP),GC.TAX.TOTL.GD.ZS,,,,,,,,,,,,,,,8.558810469,9.23052288,9.380134623,8.856840729,9.542171522,9.955960848,9.482800953,9.672412839,9.63512684,9.647614646,9.728592418,10.31361119,10.75004828,10.41141539,10.65907821,10.81116901,10.28487438,10.42531366,10.06415762,8.840152804,9.264363055,9.53350945,9.50697791,9.618492512,8.813938692,9.310799848,8.865254176,8.187225667,8.693628977,9.051146842,9.490942898,9.957285115,10.858417,11.68129158,10.7409401,9.731409662,10.22250935,10.08935681,10.6569392,10.80293987,9.899129985,10.47321565,10.90270116,11.11429708,11.73282692,,,,6.73982576,
Sub-Saharan Africa (IDA & IBRD countries),TSS,Tax revenue (% of GDP),GC.TAX.TOTL.GD.ZS,,,,,,,,,,,,,,,,,,,,,,,,,,,,,,,,,,,,,,,,,,,,,,,,,,,,,,,,,,,,,,,,
Trinidad and Tobago,TTO,Tax revenue (% of GDP),GC.TAX.TOTL.GD.ZS,,,,,,,,,,,,,,,,,29.58870323,32.62133602,28.74988203,29.18213284,35.6508085,34.844169,,,,,,,,,,,,,,,,,,,,22.12128594,20.45549831,21.30154983,22.02505646,26.3787008,30.25758765,25.99529034,29.48840531,26.82740606,26.24401846,25.6437422,24.79021024,24.13490324,24.84385184,24.54033623,21.30820021,18.24302282,19.3226637,16.54688051,,,,
Tunisia,TUN,Tax revenue (% of GDP),GC.TAX.TOTL.GD.ZS,,,,,,,,,,,,,17.78922717,18.95248849,17.86406512,20.22510624,19.94826694,21.26921849,22.61765772,21.79671458,20.9913854,21.63863527,22.78120057,23.06769464,22.97891585,21.99962954,22.5168985,20.56177118,20.50088908,20.1514093,19.95340107,20.38441075,20.49935064,21.00797927,20.76414271,20.48581381,19.83761925,18.44103315,19.18316383,19.13116645,19.29236853,19.59749767,19.54062466,18.74526478,18.67219383,18.87750472,18.51071549,19.06787394,20.49980823,20.04816181,19.19975083,20.17485594,20.11548772,,,,,,,,,,,
Turkiye,TUR,Tax revenue (% of GDP),GC.TAX.TOTL.GD.ZS,,,,,,,,,,,,,13.4209616,14.31318681,13.17063332,14.72230841,16.26579203,16.66193316,16.51178962,14.59270725,14.33869919,15.2689533,,13.93806901,10.80096922,11.34561411,11.72819518,12.14195571,11.0271659,11.24919113,11.55833127,12.49517351,12.9688266,13.34277157,15.2014677,13.9767747,15.19952105,19.05053839,14.6683801,,,,,,,,,,17.50228731,18.07393495,18.85902049,18.57091787,18.10718164,18.3638081,17.94581705,18.18078068,18.26558723,17.71815774,17.27007462,16.52438584,17.66372303,17.86363737,16.09207149,
Tuvalu,TUV,Tax revenue (% of GDP),GC.TAX.TOTL.GD.ZS,,,,,,,,,,,,,,,,,,,,,,,,,,,,,,,,,,,,,,,,,,,,,,,,,,,,,,,,,,,,,,,,
Tanzania,TZA,Tax revenue (% of GDP),GC.TAX.TOTL.GD.ZS,,,,,,,,,,,,,,,,,,,,,,,,,,,,,,,,,,,,,,,,,,,,,,,,,,11.53417446,9.912261582,9.793982,10.43300402,10.72192345,11.36379689,10.49249549,11.39033994,11.83671902,11.69508306,,11.62676885,10.85579964,11.79268079,11.49148902
Uganda,UGA,Tax revenue (% of GDP),GC.TAX.TOTL.GD.ZS,,,,,,,,,,,,,,,,,,,,,,,,,,,,,,,,,,,,,,,,,,,,,,,,,,,,,,,,10.80177081,11.11956297,11.60472367,11.68286865,12.23637947,11.39116331,12.45886668,12.54990427,
Ukraine,UKR,Tax revenue (% of GDP),GC.TAX.TOTL.GD.ZS,,,,,,,,,,,,,,,,,,,,,,,,,,,,,,,,,,,,,,,,12.99175112,13.61538199,11.66241269,12.63279714,13.16162595,12.81409146,16.52877057,17.09216344,15.81795379,17.09171786,15.78923638,14.99750577,17.84004927,17.63331542,16.89868434,17.29434784,20.45136542,19.63011981,20.0523677,20.14255251,19.1961401,19.1514003,19.08232277,16.69150738,
Upper middle income,UMC,Tax revenue (% of GDP),GC.TAX.TOTL.GD.ZS,,,,,,,,,,,,,,,,,,,,,,,,,,,,,,,,,,,,,,,,,,,,,,9.762550694,10.23110359,10.81004344,11.54549219,11.39983375,11.81841017,12.10302822,11.93623844,11.84797187,11.5184568,11.47673015,11.2977934,11.33481639,11.14208188,10.75907862,10.45691018,10.65921101,10.5777382,
Uruguay,URY,Tax revenue (% of GDP),GC.TAX.TOTL.GD.ZS,,,,,,,,,,,,,13.68094992,10.44732195,12.71035527,12.23612691,15.52333454,15.84769476,16.02307268,14.44700072,15.82577762,16.73906481,14.00555378,15.12129764,13.86925665,15.94975265,16.76322844,15.96544635,15.18910308,14.53217809,16.2025864,16.79324032,17.24085747,19.38949411,19.03440938,16.87875803,17.35110223,16.78079246,16.98284177,15.27828517,14.69913704,15.30598158,15.77767622,17.2060059,17.84620462,17.89692197,18.83230642,18.11094259,17.80020132,18.12269905,18.13641902,18.19877349,17.79187445,17.85973973,17.27528938,17.09561586,21.73224787,18.07746434,18.32470448,17.86509091,18.51487175,,,
United States,USA,Tax revenue (% of GDP),GC.TAX.TOTL.GD.ZS,,,,,,,,,,,,,11.8199373,11.49521249,11.83762036,11.1858005,10.74883688,11.61864632,11.54235905,12.00380766,12.13835265,12.55050996,11.97862664,10.34826823,10.15971565,10.38424016,10.16304589,10.94884573,10.59594327,10.78244038,10.46528476,10.32034243,9.984161837,10.30493432,10.62350664,10.98098904,11.37391458,11.82819993,12.32983078,12.25998248,12.9707953,11.85770477,9.868016676,9.390692579,9.537470791,10.68173293,11.3104789,11.28991266,10.27618809,7.903517092,8.56322203,9.538928617,9.763917369,10.46022545,10.89974817,11.18282796,10.85451499,11.50388673,9.929538941,9.885825346,10.19630464,11.25882584,12.05483292,10.22380669
Uzbekistan,UZB,Tax revenue (% of GDP),GC.TAX.TOTL.GD.ZS,,,,,,,,,,,,,,,,,,,,,,,,,,,,,,,,,,,,,,,,,,,,,,,,,,,,12.36625676,13.17440777,13.80047989,13.47039298,13.55775403,13.43296306,10.36874701,12.69529008,11.30196511,13.40202762,13.36290256,11.98874028,
St. Vincent and the Grenadines,VCT,Tax revenue (% of GDP),GC.TAX.TOTL.GD.ZS,,,,,,,,,,,,,,,,,,,,,,,,,,,,,,,18.25914113,19.57735015,18.48150517,18.70561298,19.77017966,19.22130283,19.95486134,20.56486826,21.17430138,20.69311999,19.69909152,19.36284948,20.71661271,19.82706428,19.59298337,19.72446999,20.81832856,20.89507643,22.64470818,22.43107907,21.66726593,21.38479337,21.84468593,20.3705811,22.49991592,22.65950935,24.35209359,23.79953574,,,,,,
"Venezuela, RB",VEN,Tax revenue (% of GDP),GC.TAX.TOTL.GD.ZS,,,,,,,,,,,,,,,,,,,,,,,,,,,,,,,,,,,,,,,,,,,,,,,,,,,,,,,,,,,,,,,,
British Virgin Islands,VGB,Tax revenue (% of GDP),GC.TAX.TOTL.GD.ZS,,,,,,,,,,,,,,,,,,,,,,,,,,,,,,,,,,,,,,,,,,,,,,,,,,,,,,,,,,,,,,,,
Virgin Islands (U.S.),VIR,Tax revenue (% of GDP),GC.TAX.TOTL.GD.ZS,,,,,,,,,,,,,,,,,,,,,,,,,,,,,,,,,,,,,,,,,,,,,,,,,,,,,,,,,,,,,,,,
Viet Nam,VNM,Tax revenue (% of GDP),GC.TAX.TOTL.GD.ZS,,,,,,,,,,,,,,,,,,,,,,,,,,,,,,,,,,,,,,,,,,,,,,,,,,,,,,,,,,,,,,,,
Vanuatu,VUT,Tax revenue (% of GDP),GC.TAX.TOTL.GD.ZS,,,,,,,,,,,,,,,,,,,,,,,,,,,,,,,20.18513835,,,,,17.90147748,18.57191781,18.09150161,17.73552187,17.12485185,,,,,,,,,,16.49619805,16.19453505,16.44234816,17.3819159,18.22981783,18.33757009,16.90670876,16.80018534,17.12917198,17.8372705,17.59466055,14.04025579,15.87716171,,
World,WLD,Tax revenue (% of GDP),GC.TAX.TOTL.GD.ZS,,,,,,,,,,,,,,,,,,,,,,,,,,,,,,,,14.20610483,13.94021054,13.76556845,,,,,,15.40535147,,,,,,14.06956778,14.5402379,14.76325016,14.36259228,13.1481033,13.33610629,13.68128899,13.73255494,13.95129871,13.93436918,13.94218161,13.82373754,14.10316534,13.81702664,13.72169859,13.5999644,14.25422708,14.33784262,
Samoa,WSM,Tax revenue (% of GDP),GC.TAX.TOTL.GD.ZS,,,,,,,,,,,,,,,,,,,,,,,,,,,,,,,,,,,,,,,,,,,,,,,,,,,,,20.5386088,22.69418628,23.68292242,22.53865942,22.97078599,23.48232527,23.78078276,24.42737759,24.41644259,25.02232628,,
Kosovo,XKX,Tax revenue (% of GDP),GC.TAX.TOTL.GD.ZS,,,,,,,,,,,,,,,,,,,,,,,,,,,,,,,,,,,,,,,,,,,,,,,,,,,,,,,,,,,,,,,,
"Yemen, Rep.",YEM,Tax revenue (% of GDP),GC.TAX.TOTL.GD.ZS,,,,,,,,,,,,,,,,,,,,,,,,,,,,,,,,,,,,,,,,,,,,,,,,,,,,,,,,,,,,,,,,
South Africa,ZAF,Tax revenue (% of GDP),GC.TAX.TOTL.GD.ZS,,,,,,,,,,,,,15.02706145,15.66954035,15.50688049,16.28742515,16.21160886,17.11741425,17.34111775,17.64883195,17.79657366,17.06284638,18.12792144,17.9500098,19.10036979,20.81317565,20.11717119,19.90587637,20.83862125,23.18883537,21.18745151,20.99614293,18.87998931,19.86883596,19.60437432,20.29552602,20.98463648,21.24983956,21.96394314,21.75993124,20.97606325,21.70059143,20.82489277,20.49276709,21.69859607,22.97211118,24.37808538,24.80723728,24.32280987,21.8948743,22.52060388,22.87467001,23.34576599,23.83139136,24.43193422,25.0486927,24.82835599,24.76928729,24.89489407,24.86734533,23.26494404,25.89462733,26.00545978,
Zambia,ZMB,Tax revenue (% of GDP),GC.TAX.TOTL.GD.ZS,,,,,,,,,,,,,,,,,,,,,,,,,,,,,,,19.48288336,17.4938312,18.71092625,15.04017112,17.23651829,15.68950016,16.10561795,16.05009567,16.18818713,16.95430849,,16.54070446,15.44001287,14.85951988,15.31705863,14.7947686,13.7115293,14.08251458,13.25930378,11.68751583,12.83484241,14.71594332,14.8923643,14.34710932,15.76103033,14.39396393,13.35318143,15.18485696,16.58706547,16.67762266,16.41800551,16.78041068,,
Zimbabwe,ZWE,Tax revenue (% of GDP),GC.TAX.TOTL.GD.ZS,,,,,,,,,,,,,,,,,,,,,,,,,,,,,,,,,,,,,,,,,,,,,,,,,,9.196892339,17.43492371,17.9282542,17.83548922,,,17.6733632,15.45834082,5.465511508,7.214765005,,,,,
